"components/c-100/title/","Erkennst du das KI-generierte Matterhorn?"
"components/c-100/displayTitle/","Erkennst du das KI-generierte Matterhorn?"
"components/c-100/body/","Beginnen wir mit einer kleinen Herausforderung. Eines dieser Bilder wurde mit dem Bildgenerierungsmodell Google Imagen 4, einem aktuellen Beispiel generativer KI-Modelle, erstellt. Das andere ist eine von einem Menschen aufgenommene Fotografie. Kannst du erkennen, welches es ist?"
"components/c-100/instruction/","Wähle das Bild, das deiner Meinung nach KI-generiert ist. Keine Sorge, <strong> du wirst (noch) nicht bewertet </strong>."
"components/c-100/ariaQuestion/","Welches davon ist das Matterhorn?"
"components/c-100/_items/0/altText/","Matterhorn 1"
"components/c-100/_items/0/_graphic/alt/","Matterhorn 2"
"components/c-100/_items/1/altText/","Matterhorn 2"
"components/c-100/_items/1/_graphic/alt/","Matterhorn 2"
"components/c-100/_feedback/title/","Feedback"
"components/c-100/_feedback/correct/","<strong> Das ist richtig! </strong> Herzlichen Glückwunsch, du hast das KI-generierte Matterhorn identifiziert! Dieses Bild wurde mit Google Imagen 4 generiert, während das andere ein echtes Foto von <a href=""https://www.pexels.com/photo/white-mountain-under-gray-sky-267104/"" target=""_blank"">www.pexels.com</a> ist."
"components/c-100/_feedback/_incorrect/notFinal/","Das ist nicht ganz richtig. Versuch es noch einmal!"
"components/c-100/_feedback/_incorrect/final/","<strong>Das ist falsch </strong>. Es scheint, als hätte dich das Modell getäuscht, und das von dir ausgewählte Bild ist eine echte Fotografie, die von pexels.com stammt (keine persönlichen Credits). Aber ich muss zugeben, es war aufgrund der geringen Größe der Bilder ziemlich schwierig."
"components/c-100/_buttons/_submit/buttonText/","Senden"
"components/c-100/_buttons/_submit/ariaLabel/","Hier auswählen, um deine Antwort zu senden."
"components/c-100/_buttons/_reset/buttonText/","Zurücksetzen"
"components/c-100/_buttons/_showCorrectAnswer/buttonText/","Richtige Antwort"
"components/c-100/_buttons/_hideCorrectAnswer/buttonText/","Meine Antwort"
"components/c-100/_buttons/_showFeedback/buttonText/","Feedback anzeigen"
"components/c-100/_buttons/remainingAttemptsText/","Versuche verbleibend"
"components/c-100/_buttons/remainingAttemptText/","letzter Versuch"
"components/c-101/displayTitle/","Der Turing-Test: Ein früher IQ-Test für Computer"
"components/c-101/body/","Entwickelt von <a href=""https://en.wikipedia.org/wiki/Alan_Turing"" target=""_blank"">Alan Turing (1912-1954)</a>, einem britischen Mathematiker und dem Vater der Computerwissenschaft."
"components/c-101/instruction/","Scrolle durch den Dialog, um mehr zu erfahren."
"components/c-101/_characters/0/_graphic/alt/","Benutzer-Avatar"
"components/c-101/_characters/1/name/","Alan"
"components/c-101/_characters/1/_graphic/alt/","Alan Turing Porträt"
"components/c-101/_items/0/text/","Also, Alan, wir haben gerade versucht, zwischen einem echten Foto und einem KI-generierten zu unterscheiden. Was hat das mit Intelligenz zu tun?"
"components/c-101/_items/1/text/","Das ist eine ausgezeichnete Frage! Sie trifft den Kern dessen, was Turing 1950 fragte: Kann eine Maschine so gut darin sein, menschliche Intelligenz zu <em>imitieren</em>, dass wir den Unterschied nicht erkennen können?"
"components/c-101/_items/2/text/","Also hat er dafür einen Test entwickelt?"
"components/c-101/_items/3/text/","Ja, er ist heute als Turing-Test bekannt. Die Grundidee ist folgende: Wenn ein Computer einen Dialog mit einem Menschen führen kann, ohne als Computer erkannt zu werden, können wir sagen, dass er ein gewisses Maß an Intelligenz besitzt."
"components/c-101/_items/4/text/","Also, statt Bildern geht es um Konversation?"
"components/c-101/_items/5/text/","Ja, in deinem Bildtest warst du der Richter und versuchtest zu entscheiden, ob die 'Ausgabe' (das Bild) von Menschen oder Maschinen erstellt wurde. Der Turing-Test erweitert diese Idee einfach auf <em>Konversation</em>. Kann ein Computer <em>konversationelle Ausgaben</em> erstellen, die von denen eines Menschen nicht zu unterscheiden sind?"
"components/c-101/_items/6/text/","Okay, ich glaube, ich verstehe. Das Ziel ist also, einen Computer zu schaffen, der menschliche Intelligenz überzeugend <em>nachahmen</em> kann?"
"components/c-101/_items/7/text/","Genau! Und je fortschrittlicher KI wird, desto schwieriger wird es, KI-generierte Bilder, Texte und Videos zu identifizieren. Natürlich weißt du, dass dieses Gespräch vorab geskriptet ist, aber neue Modelle wie ChatGPT sind so überzeugend, dass sie den Turing-Test mit Leichtigkeit bestehen."
"components/c-101/_items/8/text/","Vielen Dank!"
"components/c-103/title/","Was ist KI?"
"components/c-103/body/","Der Turing-Test ist eine sehr hilfreiche Analogie, aber <strong>Künstliche Intelligenz</strong> ist mehr als nur das <strong>Nachahmen von Menschen</strong>."
"components/c-103/_items/0/title/","Umgang mit verschiedenen Problemen und Umgebungen"
"components/c-103/_items/0/body/","Im Kern zielt KI darauf ab, Maschinen zu schaffen, die Aufgaben ausführen können, die typischerweise menschliche Intelligenz erfordern. Dazu gehören Dinge wie <strong>Sprachverständnis, Mustererkennung, Problemlösung und Entscheidungsfindung.</strong>"
"components/c-103/_items/1/title/","Lernen und Anpassen"
"components/c-103/_items/1/body/","Moderne KI legt den Schwerpunkt darauf, Maschinen zu befähigen, <strong>aus Daten und Erfahrungen zu lernen</strong>, ähnlich unserem Gehirn. Dies beinhaltet das Schreiben von Programmen, die es der KI ermöglichen, ihre Leistung im Laufe der Zeit durch den Kontakt mit Daten und Feedback zu verbessern."
"components/c-103/_items/2/title/","Autonomie"
"components/c-103/_items/2/body/","KI zielt darauf ab, intelligente Systeme zu schaffen, die mit einem gewissen Grad an <strong>Unabhängigkeit von Menschen</strong> agieren können. Das bedeutet, die KI kann Entscheidungen treffen und Maßnahmen ergreifen, ohne explizite Anweisungen für jede Situation."
"components/c-104/title/","Wie lernen Maschinen?"
"components/c-104/displayTitle/","Und wie lernen Maschinen?"
"components/c-104/body/","<strong>Künstliche Intelligenz</strong> ist das übergeordnete Feld, das darauf abzielt, intelligente Maschinen zu entwickeln. Wenn wir KI als das ""Gehirn"" betrachten, kann <strong>maschinelles Lernen</strong> als der Prozess angesehen werden, durch den die KI die <strong>notwendigen Fähigkeiten</strong> erwirbt. Aber wie lernen Maschinen?"
"components/c-104/instruction/","Verwende die Pfeile unten, um verschiedene Arten des maschinellen Lernens zu erkunden."
"components/c-104/mobileInstruction/","Wähle das Plus-Symbol und dann den nächsten Pfeil, um mehr zu erfahren."
"components/c-104/_items/0/title/","Überwachtes Lernen: Lernen mit einem Lehrer"
"components/c-104/_items/0/body/","Überwachtes Lernen ist wie das Lernen mit einem Lehrer. Dem Algorithmus – der KI – werden Beispiele mit richtigen Antworten gegeben, auch <strong>gelabelte Daten</strong> genannt. <br> <br> Zum Beispiel könnten ihm Tausende von Bildern von Äpfeln gezeigt werden, jedes mit 'Apfel' beschriftet, und Bilder von Bananen, mit 'Banane' beschriftet. Das Ziel ist, dass die KI die Muster lernt, damit sie Äpfel oder Bananen in neuen, ungesehenen Bildern korrekt identifizieren kann. Frühe Spamfilter sind ein gängiges Beispiel für überwachtes Lernen."
"components/c-104/_items/0/_graphic/attribution/","Generiert mit Google Imagen 4"
"components/c-104/_items/0/_graphic/alt/","Diagramm, das überwachtes Lernen mit gelabelten Daten zeigt, die zu einem Vorhersagemodell führen."
"components/c-104/_items/0/strapline/","Lernen aus gelabelten Daten"
"components/c-104/_items/1/title/","Unüberwachtes Lernen: Muster selbst finden"
"components/c-104/_items/1/body/","Unüberwachtes Lernen ist, als würde man dem KI-System eine große Kiste mit durcheinandergewürfelten Gegenständen geben und es bitten, diese zu sortieren, ohne ihm zu sagen, wie. Die KI sucht selbst nach Ähnlichkeiten und Unterschieden, um die Gegenstände zu gruppieren. In diesem Fall haben die Gegenstände keine Beschriftung, aus der Schlüsse gezogen werden könnten. <br> <br> Das KI-System könnte sie nach Farbe, Größe oder Form gruppieren. Dies wird verwendet, um <strong>verborgene Muster oder Strukturen</strong> in Daten zu entdecken, wie zum Beispiel die <strong>Kundensegmentierung</strong>. Empfehlungen auf Netflix oder Spotify sind gängige Beispiele."
"components/c-104/_items/1/_graphic/attribution/","Generiert mit Google Imagen 4"
"components/c-104/_items/1/_graphic/alt/","Diagramm, das unüberwachtes Lernen beim Finden von Mustern in ungelabelten Daten zeigt."
"components/c-104/_items/1/strapline/","Verborgene Strukturen entdecken"
"components/c-104/_items/2/title/","Deep Learning: Mehr Schichten hinzufügen"
"components/c-104/_items/2/body/","Deep Learning ist eine fortgeschrittenere Version, die komplexere Aufgaben und höhere Leistung ermöglicht. Stell dir vor, du versuchst, einem Computer beizubringen, eine Katze auf einem Bild zu erkennen. Beim regulären maschinellen Lernen müsstest du dem Computer möglicherweise manuell sagen, wonach er suchen soll – spitze Ohren, Schnurrhaare und ein Schwanz. Deep Learning hingegen lernt diese Merkmale automatisch, indem es sie über mehrere Schichten hinweg erkennt. <br> <br> <strong>Deep Learning</strong> wird oft für die <strong>Bilderkennung</strong> verwendet. Betrachte die Schichten im Bild: In der ersten Schicht erkennt das Netzwerk möglicherweise nur Kanten und Ecken. Die nächste Schicht kombiniert diese Kanten, um Formen zu bilden. Und die nächste Schicht kombiniert die Formen, um Katzenmerkmale zu erkennen. Schließlich fügt die letzte Schicht alles zusammen und sagt: 'Das ist eine Katze!'"
"components/c-104/_items/2/_graphic/attribution/","Generiert mit Google Imagen 4"
"components/c-104/_items/2/_graphic/alt/","Diagramm, das Deep Learning mit einer Katze zeigt."
"components/c-104/_items/2/strapline/","Lernen durch mehrere Schichten."
"components/c-105/title/","Quiz: Lerntypen"
"components/c-105/displayTitle/","Teste dein Wissen: Lerntypen"
"components/c-105/body/","Ein KI-System hat die Aufgabe, fehlerhafte Produkte an einer Montagelinie zu identifizieren. Es wird mit einem großen Datensatz trainiert, bei dem jedes Produktbild bereits als 'fehlerhaft' oder 'nicht fehlerhaft' gekennzeichnet ist. Welche Art des maschinellen Lernens wird hier verwendet?"
"components/c-105/instruction/","Wähle {{#if _isRadio}}eine Option{{else}}eine oder mehrere Optionen{{/if}} aus, die zutrifft, und klicke dann auf Senden."
"components/c-105/ariaQuestion/","Ein KI-System wird trainiert, fehlerhafte Produkte anhand von Bildern zu identifizieren, die als 'fehlerhaft' oder 'nicht fehlerhaft' gekennzeichnet sind. Welcher Maschineller Lerntyp ist das?"
"components/c-105/_items/0/text/","Überwachtes Lernen"
"components/c-105/_items/0/altText/","Option: Überwachtes Lernen"
"components/c-105/_items/1/text/","Unüberwachtes Lernen"
"components/c-105/_items/1/altText/","Option: Unüberwachtes Lernen"
"components/c-105/_items/2/text/","Deep Learning"
"components/c-105/_items/2/altText/","Option: Deep Learning"
"components/c-105/_items/3/text/","Algorithmusgesteuerter Aktienhandel"
"components/c-105/_items/3/altText/","Option: Algorithmusgesteuerter Aktienhandel"
"components/c-105/_feedback/title/","Erklärung der Lerntypen"
"components/c-105/_feedback/correct/","Das ist richtig! Dieses Szenario beschreibt <strong>Überwachtes Lernen</strong>. Die KI wird 'überwacht', weil sie aus einem Datensatz lernt, bei dem jedes Beispiel (Produktbild) bereits mit der richtigen Antwort oder Beschriftung ('fehlerhaft' oder 'nicht fehlerhaft') versehen ist."
"components/c-105/_feedback/_incorrect/notFinal/","Nicht ganz. Überlege, welcher Lerntyp das explizite Mitteilen der richtigen Antwort für jeden Trainingsdatensatz beinhaltet."
"components/c-105/_feedback/_incorrect/final/","Die richtige Antwort ist <strong>Überwachtes Lernen</strong>. Diese Methode wird verwendet, wenn du einen Datensatz mit bekannten Ergebnissen oder Beschriftungen hast. Unüberwachtes Lernen würde verwendet, wenn die KI Muster in unbeschrifteten Produktbildern finden müsste (z. B. ähnliche Defekte gruppieren, ohne zu wissen, was sie sind). Verstärkendes Lernen würde bedeuten, dass die KI Aktionen (wie die Klassifizierung eines Produkts) ausführt und Belohnungen oder Strafen erhält, um die beste Klassifizierungsstrategie im Laufe der Zeit zu lernen. Der algorithmische Handel ist eine Anwendung verschiedener Techniken, einschließlich KI, aber kein grundlegender Lerntyp in diesem Kontext."
"components/c-105/_feedback/_partlyCorrect/notFinal/","Diese Option ist für Fragen mit mehreren richtigen Antworten, was hier nicht der Fall ist. Bitte überprüfe das Feedback für falsche Antworten."
"components/c-105/_feedback/_partlyCorrect/final/","Diese Option ist für Fragen mit mehreren richtigen Antworten, was hier nicht der Fall ist. Die richtige Antwort ist <strong>Überwachtes Lernen</strong>. Diese Methode wird verwendet, wenn du einen Datensatz mit bekannten Ergebnissen oder Beschriftungen hast."
"components/c-105/_buttons/_submit/buttonText/","Senden"
"components/c-105/_buttons/_submit/ariaLabel/","Hier auswählen, um deine Antwort zu senden."
"components/c-105/_buttons/_reset/buttonText/","Zurücksetzen"
"components/c-105/_buttons/_reset/ariaLabel/","Hier auswählen, um deine Antwort zurückzusetzen."
"components/c-105/_buttons/_showCorrectAnswer/buttonText/","Richtige Antwort anzeigen"
"components/c-105/_buttons/_showCorrectAnswer/ariaLabel/","Hier auswählen, um die richtige Antwort anzuzeigen."
"components/c-105/_buttons/_hideCorrectAnswer/buttonText/","Meine Antwort anzeigen"
"components/c-105/_buttons/_hideCorrectAnswer/ariaLabel/","Hier auswählen, um deine Antwort anzuzeigen."
"components/c-105/_buttons/_showFeedback/buttonText/","Feedback anzeigen"
"components/c-105/_buttons/_showFeedback/ariaLabel/","Hier auswählen, um Feedback anzuzeigen."
"components/c-105/_buttons/remainingAttemptsText/","Versuche verbleibend"
"components/c-105/_buttons/remainingAttemptText/","letzter Versuch"
"components/c-106/title/","Trainingsdaten"
"components/c-106/displayTitle/","Trainingsdaten: Der Treibstoff für maschinelles Lernen"
"components/c-106/body/","Jetzt weißt du, was künstliche Intelligenz ist und wie Maschinen aus Daten lernen können. Es fehlt jedoch ein wichtiger Teil: Die <strong>Trainingsdaten</strong>. Reale Daten, oft von Menschen produziert, werden dann an maschinelle Lernalgorithmen weitergegeben. Was sind die drei Hauptüberlegungen zu Trainingsdaten?"
"components/c-106/_items/0/front/","Datenqualität"
"components/c-106/_items/0/back/body/","Die Qualität der Trainingsdaten ist entscheidend. Wenn die Daten <strong>verrauscht, unvollständig oder voreingenommen</strong> sind, wird das Modell diese Unvollkommenheiten lernen und auf neuen Daten schlecht abschneiden."
"components/c-106/_items/1/front/","Datenmenge"
"components/c-106/_items/1/back/body/","Die Menge der Trainingsdaten ist ebenfalls wichtig. <strong>Mehr Daten</strong> führen im Allgemeinen zu einem genaueren Modell, insbesondere bei komplexen Aufgaben."
"components/c-106/_items/2/front/","Datenrepräsentativität"
"components/c-106/_items/2/back/body/","Die Trainingsdaten sollten <strong>repräsentativ</strong> für die realen Daten sein, auf denen das Modell verwendet werden soll. Wenn die Trainingsdaten erheblich von den realen Daten abweichen, kann das Modell möglicherweise nicht gut generalisieren."
"components/c-107/body/","Quellen: <br> <br> Legg, Shane; Hutter, Marcus (2007): Universal Intelligence: A Definition of Machine Intelligence. DOI: <a href=""https://doi.org/10.48550/arXiv.0712.3329"" target=""_blank"">https://doi.org/10.48550/arXiv.0712.3329</a> <br> <br> Sousa Antunes et al. (2024): Multidisciplinary Perspectives on Artificial Intelligence and the Law, DOI: <a href=""https://doi.org/10.1007/978-3-031-41264-6"" target=""_blank"">https://doi.org/10.1007/978-3-031-41264-6</a> <br> <br> Huawei Technologies (2023): Artificial Intelligence Technogoly, DOI: <a href=""https://doi.org/10.1007/978-981-19-2879-6"" target=""_blank"">https://doi.org/10.1007/978-981-19-2879-6</a> "
"components/c-201/title/","Ein schnelles Memory-Spiel"
"components/c-201/displayTitle/","Beginnen wir mit einem schnellen Memory-Spiel..."
"components/c-201/instruction/","Dreh die Karten um, um die passenden Paare zu finden."
"components/c-201/status/","Du hast {{guesses}} von {{total}} Übereinstimmungen gefunden."
"components/c-201/_items/0/_graphic/alt/","Platzhaltergrafik"
"components/c-201/feedback/","Super, du hast alle passenden Karten gefunden, haben die Bilder etwas gemeinsam?"
"components/c-202/title/","Geschlechterstereotype in der Bildgenerierung"
"components/c-202/displayTitle/","...aber das war doch nur Zufall, oder?"
"components/c-203/body/","Man muss kein Detektiv sein, um das Muster in den obigen Bildern zu erkennen – es sind alles weiße Männer. Dies geschieht, weil KI-Modelle aus unserer Welt lernen und die <b>strukturellen Verzerrungen</b> in ihren Trainingsdaten <b>aufnehmen und reproduzieren können</b>. <br> <br> Um dies zu testen, habe ich ein einfaches Experiment mit Googles Imagen 3-Modell durchgeführt. Für vier verschiedene Berufe habe ich jeweils 30 Bilder mit den Prompts generiert, die du rechts siehst."
"components/c-204/body/"," <br> <br> <br> <b> Realistisches Foto eines ... </b>"
"components/c-204/words/0/","Krankenpflegers"
"components/c-204/words/1/","Klempners"
"components/c-204/words/2/","Piloten"
"components/c-204/words/3/","Flugbegleiters"
"components/c-205/title/","Muster in der Bildgenerierung aufdecken"
"components/c-205/displayTitle/","Nein, es gibt ein Muster..."
"components/c-205/_items/0/title/","<p> der 30 generierten Bilder zeigen männliche Merkmale.</p>"
"components/c-205/_items/0/_graphic/alt/","Grafik 1"
"components/c-205/_items/0/counterLabel/","%"
"components/c-205/_items/1/title/","<p> der 30 generierten Flugbegleiter sind Frauen mit sehr ähnlichen Merkmalen.</p>"
"components/c-205/_items/1/_graphic/alt/","Grafik 2"
"components/c-205/_items/1/counterLabel/","%"
"components/c-205/_items/2/title/","<p> der generierten Klempnerbilder sind Männer, einige von ihnen ähneln sogar einem berühmten Videospielcharakter.</p>"
"components/c-205/_items/2/_graphic/alt/","Grafik 3"
"components/c-205/_items/2/counterLabel/","%"
"components/c-205/_items/3/title/","<p> der generierten Krankenpflegerbilder sind Frauen eines sehr ähnlichen Phänotyps.</p>"
"components/c-205/_items/3/_graphic/alt/","Grafik 3"
"components/c-205/_items/3/counterLabel/","%"
"components/c-206/title/","Verzerrungen in Textdaten"
"components/c-207/title/","KIs verborgene Verzerrungen aufdecken"
"components/c-207/_items/0/body/","Diese Grafik enthüllt die verborgenen Stereotypen, die ein reales Sprachmodell über Berufe und Geschlechter gelernt hat. Klicke, um mehr zu erfahren..."
"components/c-207/_items/0/instruction/","Weiter »"
"components/c-207/_items/1/title/","So liest du die Grafik"
"components/c-207/_items/1/body/","Jeder Balken zeigt die Geschlechterzuordnung eines Berufs. Der hellblaue Bereich zeigt die 'männliche' Zuordnung, und der dunkelblaue zeigt die 'weibliche' Zuordnung. Zusammen ergeben sie immer 100%."
"components/c-207/_items/1/instruction/","Weiter »"
"components/c-207/_items/2/title/","Was 'Assoziiert mit' bedeutet"
"components/c-207/_items/2/body/","Das Sprachmodell hat bemerkt, dass bestimmte Wörter oft zusammen vorkommen. Wenn ein Wort oft in der Nähe von 'sie' oder 'er' erscheint, verknüpft das Modell sie eng miteinander. Dies spiegelt Muster in Daten wider, nicht unbedingt die objektive Wahrheit."
"components/c-207/_items/2/instruction/","Weiter »"
"components/c-207/_items/3/title/","Ein Blick auf 'Krankenpfleger'"
"components/c-207/_items/3/body/","Beginnen wir in der Mitte. Das Sprachmodell assoziiert 'Krankenpfleger' zu 57% der Zeit mit 'weiblich'. Dies zeigt ein gängiges Stereotyp, das das Modell aus Text gelernt hat."
"components/c-207/_items/3/instruction/","Weiter »"
"components/c-207/_items/4/title/","Nun, schauen wir uns 'Klempner' an"
"components/c-207/_items/4/body/","Im Gegensatz dazu assoziiert das Modell 'Klempner' zu 52% der Zeit mit 'männlich'. Obwohl es eine leichte Verzerrung ist, spiegelt das Muster konsequent gesellschaftliche Stereotypen wider."
"components/c-207/_items/4/instruction/","Weiter »"
"components/c-207/_items/5/title/","Ein extremes Beispiel"
"components/c-207/_items/5/body/","Betrachte nun einen Extremfall wie 'Finanzier'. Das Sprachmodell zeigt eine sehr starke 77%ige männliche Assoziation. Im Gegensatz dazu verknüpft das Modell 'Stylist' mit einer 70%igen Wahrscheinlichkeit mit weiblich."
"components/c-207/_items/5/instruction/","Weiter »"
"components/c-207/_items/6/title/","Warum das wichtig ist"
"components/c-207/_items/6/body/","Wenn Sprachmodelle diese Verzerrungen erben, können sie in realen Anwendungen, wie der Lebenslaufprüfung oder der Inhaltserstellung, zu unfairen oder verzerrten Ergebnissen führen."
"components/c-207/_items/6/instruction/","Weiter »"
"components/c-207/_items/7/title/","Die Quintessenz"
"components/c-207/_items/7/body/","Indem wir diese Verzerrungen visualisieren, können wir sie besser verstehen und daran arbeiten, fairere und verantwortungsvollere Sprachmodelle zu schaffen."
"components/c-207/_items/7/instruction/","Abschließen ✔"
"components/c-208/title/","Quiz: KI-Assoziationen verstehen"
"components/c-208/body/","Gemäß der bereitgestellten Grafik assoziiert das Sprachmodell 'Rezeptionist' zu 66% der Zeit mit 'weiblich'. Was sagt diese 'Assoziation' primär über das Modell aus?"
"components/c-208/instruction/","Wähle eine Option aus, die zutrifft, und klicke dann auf Senden."
"components/c-208/ariaQuestion/","Was sagt die Assoziation des Sprachmodells von 'Rezeptionist' mit 'weiblich' primär aus?"
"components/c-208/_items/0/text/","Das Modell glaubt, dass Frauen von Natur aus besser für den Beruf eines Rezeptionisten geeignet sind."
"components/c-208/_items/0/altText/","Option: Modell glaubt, Frauen sind besser für Rezeptionisten geeignet."
"components/c-208/_items/1/text/","Das Modell hat bemerkt, dass das Wort 'Rezeptionist' in seinen Trainingsdaten häufig in der Nähe von weiblich-assoziierten Pronomen oder Kontexten vorkommt."
"components/c-208/_items/1/altText/","Option: Wort 'Rezeptionist' kommt häufig mit weiblichen Pronomen/Kontexten vor."
"components/c-208/_feedback/title/","KI-Assoziationen verstehen"
"components/c-208/_feedback/correct/","Das ist richtig! Die 'Assoziationen' des Modells spiegeln Muster in den riesigen Mengen an Textdaten wider, auf denen es trainiert wurde. Es 'glaubt' nichts; es identifiziert einfach statistische Beziehungen zwischen Wörtern wie 'Rezeptionist' und Pronomen wie 'sie' oder 'ihr' basierend darauf, wie häufig sie in den Daten zusammen vorkommen."
"components/c-208/_feedback/_incorrect/notFinal/","Nicht ganz. Überprüfe den Abschnitt 'KIs verborgene Verzerrungen aufdecken', insbesondere die Erklärung von 'Was 'Assoziiert mit' bedeutet'. Überlege, wie Sprachmodelle lernen."
"components/c-208/_feedback/_incorrect/final/","Die richtige Antwort ist: Das Modell hat bemerkt, dass das Wort 'Rezeptionist' in seinen Trainingsdaten häufig in der Nähe von weiblich-assoziierten Pronomen oder Kontexten vorkommt. KI-Modelle lernen, indem sie statistische Muster in ihren Trainingsdaten finden. Ihre 'Assoziationen' sind eine Reflexion dieser Muster, keine Beurteilung oder Überzeugung über die Eignung. Wenn 'Rezeptionist' in den Trainingsdaten oft in Sätzen mit 'sie' oder 'ihr' vorkam, wird das Modell es stärker mit weiblich assoziieren."
"components/c-208/_feedback/_partlyCorrect/notFinal/","Diese Option ist für Fragen mit mehreren richtigen Antworten, was hier nicht der Fall ist. Bitte überprüfe das Feedback für falsche Antworten."
"components/c-208/_feedback/_partlyCorrect/final/","Diese Option ist für Fragen mit mehreren richtigen Antworten, was hier nicht der Fall ist. Die richtige Antwort ist, dass das Modell statistische Muster in seinen Trainingsdaten bemerkt hat, die 'Rezeptionist' mit weiblich-assoziierten Begriffen verknüpfen."
"components/c-208/_buttons/_submit/buttonText/","Senden"
"components/c-208/_buttons/_submit/ariaLabel/","Hier auswählen, um deine Antwort zu senden."
"components/c-208/_buttons/_reset/buttonText/","Zurücksetzen"
"components/c-208/_buttons/_reset/ariaLabel/","Hier auswählen, um deine Antwort zurückzusetzen."
"components/c-208/_buttons/_showCorrectAnswer/buttonText/","Richtige Antwort anzeigen"
"components/c-208/_buttons/_showCorrectAnswer/ariaLabel/","Hier auswählen, um die richtige Antwort anzuzeigen."
"components/c-208/_buttons/_hideCorrectAnswer/buttonText/","Meine Antwort anzeigen"
"components/c-208/_buttons/_hideCorrectAnswer/ariaLabel/","Hier auswählen, um deine Antwort anzuzeigen."
"components/c-208/_buttons/_showFeedback/buttonText/","Feedback anzeigen"
"components/c-208/_buttons/_showFeedback/ariaLabel/","Hier auswählen, um Feedback anzuzeigen."
"components/c-208/_buttons/remainingAttemptsText/","Versuche verbleibend"
"components/c-208/_buttons/remainingAttemptText/","letzter Versuch"
"components/c-209/title/","Woher kommen Verzerrungen?"
"components/c-209/displayTitle/","Bedeutet das, dass <em>jede</em> KI voreingenommen & diskriminierend ist?"
"components/c-209/body/","Es ist ein häufiges Missverständnis, dass KI-Voreingenommenheit eine <b>Voreingenommenheit des Modells selbst</b> impliziert. In diesem Kontext bezieht sich 'Voreingenommenheit' einfach auf systemische Muster, die die KI aus ihren Trainingsdaten lernt und reproduziert. Wie die vorherigen Beispiele zeigen, ist die Ausgabe einer KI eine <b>direkte Widerspiegelung der Informationen, auf denen sie trainiert wurde</b>. Die Ergebnisse sind nicht beabsichtigt, sie sind ein Echo der gesellschaftlichen Voreingenommenheiten, die in den Quelldaten eingebettet sind. Letztendlich sind KI-Systeme <b>nur so gut wie die Daten, die ihnen gegeben werden</b> und die Menschen, die sie bauen und leiten."
"components/c-209/instruction/","<b>Woher kommen also die Verzerrungen?</b> Klicke auf die Felder unten, um mehr zu erfahren."
"components/c-209/_items/0/front/","Daten wurden für andere Zwecke gesammelt"
"components/c-209/_items/0/back/body/","KI-Systeme analysieren oft vorhandene Daten, die <b>für andere Zwecke gesammelt wurden</b> als die, die das KI-System verfolgt. Das bedeutet, die Daten wurden nicht mit der Absicht gesammelt, beispielsweise für vorausschauende Polizeiarbeit oder Personalbeschaffung verwendet zu werden, sodass Eigenschaften der Daten, die <b>unfaire Ergebnisse begünstigen könnten, nicht berücksichtigt werden</b>."
"components/c-209/_items/1/front/","Daten sind historisch"
"components/c-209/_items/1/back/body/","Historische Daten <b>spiegeln oft vergangene gesellschaftliche Voreingenommenheiten</b> und diskriminierende Praktiken wider. Wenn KI-Systeme auf diesen Daten trainiert werden, können sie diese <b>Voreingenommenheiten aufrechterhalten und verstärken</b>."
"components/c-209/_items/2/front/","Daten sind nicht repräsentativ"
"components/c-209/_items/2/back/body/","Dieses Problem tritt auf, wenn ein maschinelles Lernsystem auf Daten trainiert wird, die die Population, auf die das System angewendet werden soll, <b>nicht vollständig repräsentieren</b>. KI-Systeme können dann diese Repräsentationsverzerrung widerspiegeln, wenn sie realen Daten ausgesetzt sind, die sich erheblich von den Daten unterscheiden, auf denen sie trainiert wurden, was zu <b>verzerrten oder unfairen Ergebnissen</b> führt."
"components/c-210/title/","Auswirkungen im realen Leben"
"components/c-210/displayTitle/","Auswirkungen voreingenommener Trainingsdaten im realen Leben"
"components/c-210/body/","Die vorherigen Gedankenexperimente sind größtenteils akademisch, also schauen wir uns <b>reale Beispiele</b> an, bei denen Verzerrungen in den Trainingsdaten zu <b>suboptimalen und diskriminierenden</b> Ergebnissen in realen Anwendungen führten."
"components/c-210/instruction/","Wähle die Tabs aus, um mehr zu erfahren."
"components/c-210/_items/0/tabTitle/","Fall 1: Rekrutierungsverzerrung"
"components/c-210/_items/0/title/","Fall 1: Geschlechterverzerrung bei der Rekrutierung"
"components/c-210/_items/0/body/","Amazon entwickelte ein KI-Programm zur <b>Automatisierung der Vorauswahl</b> von Bewerbern durch die Überprüfung von Lebensläufen. Das Tool wurde mit Lebensläufen aus einem Zeitraum von zehn Jahren trainiert, einem Datensatz, in dem <b>die meisten erfolgreichen Bewerber Männer gewesen waren</b>. Infolgedessen lernte die KI, <b>gegen weibliche Bewerber voreingenommen zu sein</b>, indem sie Lebensläufe, die Formulierungen wie ""Kapitänin des Frauenschachclubs"" enthielten, benachteiligte. Trotz Versuchen, die Geschlechterverzerrung zu korrigieren, <b>gab Amazon das Programm letztendlich auf</b>, da es nicht mit dem Engagement des Unternehmens für Vielfalt und Gleichberechtigung am Arbeitsplatz übereinstimmte <a href='https://link.springer.com/book/10.1007/978-3-031-17040-9' target='_blank'>(siehe Stahl et al. 2023).</a>"
"components/c-210/_items/1/tabTitle/","Fall 2: Bewährungsentscheidungen"
"components/c-210/_items/1/title/","Fall 2: KI-Verzerrung bei Bewährungsentscheidungen"
"components/c-210/_items/1/body/","Ein Gefangener namens Glenn Rodríguez, der eine <b>vorbildliche Rehabilitationsakte</b> hatte, beantragte eine vorzeitige Entlassung, die jedoch abgelehnt wurde. Die Entscheidung des Bewährungsausschusses basierte auf einer <b>""Hochrisiko""-Prognose</b> eines KI-Systems namens COMPAS. Der Ausschuss <b>wusste nicht, wie der Algorithmus der KI funktionierte</b>, da es sich um ein Geschäftsgeheimnis handelte. Rodríguez entdeckte später, dass seine hohe Punktzahl auf <b>subjektiven und potenziell rassistisch voreingenommenen Ansichten</b> von Gefängniswärtern beruhte. Obwohl er schließlich freigelassen wurde, bedeutete die <b>Unfähigkeit, die fehlerhafte und undurchsichtige Logik der KI anzufechten</b>, dass er viel früher hätte freigelassen werden können <a href='https://link.springer.com/book/10.1007/978-3-031-17040-9' target='_blank'>(siehe Stahl et al. 2023).</a>"
"components/c-210/_items/2/tabTitle/","Fall 3: Gesichtserkennung"
"components/c-210/_items/2/title/","Fall 3: Verzerrung bei der Gesichtserkennung"
"components/c-210/_items/2/body/","Ein Ingenieurstudent asiatischer Abstammung in Neuseeland bekam sein <b>Passfoto abgelehnt</b> von einem automatisierten System, weil es <b>fälschlicherweise behauptete, seine Augen seien geschlossen</b>. Dieser Vorfall weist auf ein größeres Problem von <b>ethnisch bedingten Fehlern</b> in der Gesichtserkennungstechnologie hin. Ähnliche Systeme haben <b>Voreingenommenheit gegenüber anderen Gruppen</b> gezeigt; zum Beispiel wurden Fotos von dunkelhäutigen Frauen in Großbritannien <b>viermal häufiger als von schlechter Qualität eingestuft</b>, wobei das Foto einer schwarzen Studentin abgelehnt wurde, weil das System fälschlicherweise ihren Mund als offen erkannte <a href='https://link.springer.com/book/10.1007/978-3-031-17040-9' target='_blank'>(siehe Stahl et al. 2023)</a>."
"components/c-211/title/","KI-Lösungen"
"components/c-211/displayTitle/","Herausforderungen angehen"
"components/c-211/body/","Während frühere Diskussionen die besorgniserregenderen Aspekte von KI und maschinellem Lernen hervorgehoben haben mögen, untersucht dieser Abschnitt die <b>proaktiven Lösungen und Fortschritte</b>, die diese <b>Probleme effektiv angehen</b>."
"components/c-211/instruction/","Wähle die Überschriften aus, um mehr zu erfahren."
"components/c-211/_items/0/title/","Bleib kritisch"
"components/c-211/_items/0/body/","Du hast vielleicht bemerkt, dass dieser Kurs <b>absichtlich Materialien von verschiedenen KI-Modellen verwendet</b>, wie Googles Imagen 3 und 4 für Bilder und ein älteres Sprachmodell für die Geschlechterverzerrungsgrafik. Dies ist beabsichtigt. <br> <br> Diese Entscheidungen demonstrieren wichtige Punkte in der Geschichte des maschinellen Lernens und dienen als Erinnerung, <b>zwei Dinge kritisch zu hinterfragen: die Ausgabe von KI-Systemen</b> in sensiblen Anwendungen und, ebenso wichtig, die <b>Motivationen der Organisationen</b>, die sie bereitstellen. <br> <br> Bei der Implementierung jeglicher Art von KI-System ist es hilfreich, die obigen Beispiele im Hinterkopf zu behalten, um <b>unerwünschte Ergebnisse zu vermeiden</b>."
"components/c-211/_items/0/_graphic/attribution/","<a href=""https://www.pexels.com/photo/woman-blindfolded-8730085/"" target=""_blank"" style=""color: white;"">Lil Artsy auf www.pexels.com</a>"
"components/c-211/_items/1/title/","Leitplanken"
"components/c-211/_items/1/body/","Die vorherigen Beispiele zeigten, wie <b>fehlerhafte Trainingsdaten zu voreingenommenen oder schädlichen Ergebnissen führen können</b>, ein Anliegen für Entwickler und Regulierungsbehörden gleichermaßen. Als Reaktion darauf implementieren Modellentwickler <b>Sicherheitsfilter und 'Leitplanken', um unerwünschtes Verhalten zu verhindern</b>. <br> <br> Diese Leitplanken können von der Moderation der Ausgabe und der Minderung von Verzerrungen bis hin zu Mechanismen reichen, die sicherstellen, dass die Antworten den gesellschaftlichen Normen oder einer spezifischen Unternehmensidentität entsprechen. <br> <br> Um sicherzustellen, dass die Grenze zwischen akzeptablem und inakzeptablem Verhalten nicht ausschließlich von großen Technologieunternehmen gezogen wird, bieten Initiativen wie Guardrails.AI <b>Open-Source, gemeinschaftsgetriebene Standards</b> für KI-Modelle."
"components/c-211/_items/1/_graphic/attribution/","Generiert mit Google Imagen 4"
"components/c-211/_items/2/title/","Neue Modelle sind viel besser"
"components/c-211/_items/2/body/","Moderne KI-Modelle zeigen tendenziell eine <b>Reduzierung der Voreingenommenheit</b>, was auf zwei Hauptfaktoren zurückzuführen ist: die <b>Implementierung expliziter Leitplanken</b> und ein <b>ausgefeilteres sprachliches Verständnis</b>, das über die vereinfachten Geschlechterrollen-Korrelationen früherer Modelle hinausgeht. <br> <br> Zum Beispiel führen die in ChatGPT integrierten Spracheinbettungen zu <b>deutlich gerechteren Assoziationen</b> zwischen Geschlecht und Berufen im Gegensatz zur obigen Grafik. <br> <br> Ebenso demonstriert Googles Imagen 4 diesen Fortschritt, indem es eine <b>größere demografische Vielfalt</b> erzeugt; eine Aufforderung für ein 'realistisches Foto eines Krankenpflegers' führt zu Bildern, die Männer und Frauen in etwa gleichem Maße zeigen. Betrachte das Bild links."
"components/c-211/_items/2/_graphic/attribution/","Generiert mit Google Imagen 4"
"components/c-213/title/","Quiz: Amazon Rekrutierungsverzerrung"
"components/c-213/displayTitle/","Teste dein Wissen: Amazons KI"
"components/c-213/body/","Was war im Fallbeispiel zur Amazon-Rekrutierung der Hauptgrund, warum das KI-System eine Voreingenommenheit gegenüber weiblichen Bewerbern entwickelte?"
"components/c-213/instruction/","Wähle eine Option aus, die zutrifft, und klicke dann auf Senden."
"components/c-213/ariaQuestion/","Was war der Hauptgrund, warum das Amazon KI-System eine Voreingenommenheit gegenüber weiblichen Bewerbern entwickelte?"
"components/c-213/_items/0/text/","Es wurde auf Lebensläufe aus einer Zeit trainiert, in der die meisten erfolgreichen Bewerber Männer waren, was dazu führte, dass es weiblich-assoziierte Begriffe benachteiligte."
"components/c-213/_items/0/altText/","Option: Trainingsdaten voreingenommen gegenüber Männern."
"components/c-213/_items/1/text/","Amazon-Entwickler haben die KI absichtlich so programmiert, dass sie männliche Kandidaten für bestimmte Rollen bevorzugt."
"components/c-213/_items/1/altText/","Option: Absichtliche Programmierverzerrung."
"components/c-213/_items/2/text/","Dem KI-System fehlte die Fähigkeit, geschlechtsneutrale Sprache zu verarbeiten, was zu Fehlern führte."
"components/c-213/_items/2/altText/","Option: Mangelnde Verarbeitung geschlechtsneutraler Sprache."
"components/c-213/_items/3/text/","Weibliche Bewerberinnen reichten häufig unvollständige Lebensläufe ein, die die KI als minderwertig einstufte."
"components/c-213/_items/3/altText/","Option: Unvollständige weibliche Lebensläufe."
"components/c-213/_feedback/title/","Erklärung der Amazon Rekrutierungsverzerrung"
"components/c-213/_feedback/correct/","Das ist richtig! Die KI lernte aus historischen Daten, die überwiegend Männer in erfolgreichen Rollen zeigten. Infolgedessen lernte sie leider, bestimmte Begriffe, die in Lebensläufen von Frauen üblich sind (wie 'Kapitänin des Frauenschachclubs'), mit geringerer Attraktivität zu assoziieren, was zu Voreingenommenheit führte."
"components/c-213/_feedback/_incorrect/notFinal/","Nicht ganz. Überprüfe Fall 1 im Abschnitt 'Auswirkungen im realen Leben'. Konzentriere dich darauf, wie die Trainingsdaten die Ergebnisse der KI beeinflussten."
"components/c-213/_feedback/_incorrect/final/","Die richtige Antwort ist: Es wurde auf Lebensläufe aus einer Zeit trainiert, in der die meisten erfolgreichen Bewerber Männer waren, was dazu führte, dass es weiblich-assoziierte Begriffe benachteiligte. Die KI spiegelte die in ihren Trainingsdaten vorhandenen Verzerrungen wider, die vergangene Einstellungsmuster bei Amazon widerspiegelten, anstatt absichtlich für Voreingenommenheit programmiert zu werden oder aufgrund von Sprachverarbeitungsproblemen."
"components/c-213/_feedback/_partlyCorrect/notFinal/","Diese Option ist für Fragen mit mehreren richtigen Antworten, was hier nicht der Fall ist. Bitte überprüfe das Feedback für falsche Antworten."
"components/c-213/_feedback/_partlyCorrect/final/","Diese Option ist für Fragen mit mehreren richtigen Antworten, was hier nicht der Fall ist. Die richtige Antwort ist, dass die KI auf historische Daten trainiert wurde, die männliche Bewerber bevorzugten."
"components/c-213/_buttons/_submit/buttonText/","Senden"
"components/c-213/_buttons/_submit/ariaLabel/","Hier auswählen, um deine Antwort zu senden."
"components/c-213/_buttons/_reset/buttonText/","Zurücksetzen"
"components/c-213/_buttons/_reset/ariaLabel/","Hier auswählen, um deine Antwort zurückzusetzen."
"components/c-213/_buttons/_showCorrectAnswer/buttonText/","Richtige Antwort anzeigen"
"components/c-213/_buttons/_showCorrectAnswer/ariaLabel/","Hier auswählen, um die richtige Antwort anzuzeigen."
"components/c-213/_buttons/_hideCorrectAnswer/buttonText/","Meine Antwort anzeigen"
"components/c-213/_buttons/_hideCorrectAnswer/ariaLabel/","Hier auswählen, um deine Antwort anzuzeigen."
"components/c-213/_buttons/_showFeedback/buttonText/","Feedback anzeigen"
"components/c-213/_buttons/_showFeedback/ariaLabel/","Hier auswählen, um Feedback anzuzeigen."
"components/c-213/_buttons/remainingAttemptsText/","Versuche verbleibend"
"components/c-213/_buttons/remainingAttemptText/","letzter Versuch"
"components/c-214/body/","Quellen: <br> <br> Stahl, Bernd; Schroeder, Doris & Rodrigues, Rowena (2023):  Ethics of Artificial Intelligence. DOI: <a href=""https://doi.org/10.1007/978-3-031-17040-9"" target=""_blank"">https://doi.org/10.1007/978-3-031-17040-9</a> <br> <br> Bolukbasi et al. (2016): Man is to Computer Programmer as Woman is to Homemaker? Debiasing Word Embeddings, DOI: <a href=""https://doi.org/10.48550/arXiv.1607.06520"" target=""_blank"">https://doi.org/10.48550/arXiv.1607.06520</a> <br> <br> Huawei Technologies (2023): Artificial Intelligence Technogoly, DOI: <a href=""https://doi.org/10.1007/978-981-19-2879-6"" target=""_blank"">https://doi.org/10.1007/978-981-19-2879-6</a> "
"components/c-301/title/","Urheberrecht im Allgemeinen"
"components/c-301/displayTitle/","Was ist Urheberrecht?"
"components/c-301/body/","Das Urheberrecht ist ein <b>Recht</b>, das Urhebern die <b>ausschließliche Kontrolle</b> über ihre originellen literarischen und künstlerischen Werke gewährt. Als Teil des Gesetzes über geistiges Eigentum (IP) schützt es 'Werke der Urheberschaft', indem es Urhebern ermöglicht, die Nutzung und Verbreitung ihrer Kreationen zu verwalten."
"components/c-301/instruction/","Klicke auf die Felder unten, um mehr über das Urheberrecht zu erfahren."
"components/c-301/_items/0/front/","Was ist geschützt?"
"components/c-301/_items/0/back/body/","Das Urheberrecht schützt den <b><em>konkreten Ausdruck</em> einer Idee</b>, nicht die Idee selbst. Es gilt für greifbare literarische und künstlerische Werke wie Romane, Lieder, Gemälde und Software und gibt Urhebern die <b>Kontrolle über ihre spezifischen Manifestationen</b>."
"components/c-301/_items/1/front/","Was sind die Bedingungen?"
"components/c-301/_items/1/back/body/","Um urheberrechtlich geschützt zu sein, muss ein Werk in einer <b><em>konkreten Weise</em></b> (nicht abstrakte Ideen) ausgedrückt und <b><em>originell</em></b> sein. Originalität bedeutet, dass es eine <b>intellektuelle Schöpfung eines menschlichen Urhebers</b> ist, die dessen Persönlichkeit und kreative Entscheidungen widerspiegelt. Diese <b>menschliche Urheberschaft ist grundlegend</b>, insbesondere im deutschen und EU-Recht."
"components/c-301/_items/2/front/","Was sind die Rechte des Eigentümers?</b>"
"components/c-301/_items/2/back/body/","Eigentümer erhalten <b>ausschließliche Rechte zur Vervielfältigung, Verbreitung und öffentlichen Wiedergabe</b> ihres Werkes. Sie besitzen auch <b>Urheberpersönlichkeitsrechte</b>, einschließlich Offenlegung, Integrität und Namensnennung, die die Kontrolle gewährleisten. Das Urheberrecht dauert in den EU-Mitgliedstaaten in der Regel für die <b>Lebenszeit des Urhebers plus 70 Jahre</b>."
"components/c-302/title/","Urheberrecht und KI"
"components/c-302/displayTitle/","Und warum ist das für KI wichtig?"
"components/c-302/body/","Erinnere dich an den Turing-Test aus dem ersten Teil dieses Kurses: Die Ausgabe von KI-Systemen ist so gut geworden, dass vieles davon schwer von menschlichen Inhalten zu unterscheiden ist. Und ein Großteil der menschlichen Inhalte im Internet ist durch Urheberrechtsgesetze geschützt. In dieser Lektion werden wir drei Fragen behandeln:"
"components/c-302/_items/0/title/","Verletzt das Training von KI das Urheberrecht?"
"components/c-302/_items/1/title/","Können die Ausgaben von KI-Systemen Urheberrechte verletzen?"
"components/c-302/_items/2/title/","Ist die Ausgabe urheberrechtlich schützbar?"
"components/c-303/title/","KI-Training und Urheberrecht"
"components/c-303/displayTitle/","KI-Training <em> könnte </em> das Urheberrecht verletzen"
"components/c-303/body/","Die Frage, ob das Training von KI-Modellen mit urheberrechtlich geschütztem Material eine Verletzung darstellt, ist ein zentrales und stark diskutiertes rechtliches Thema. Es beinhaltet komplexe Interpretationen bestehender Urheberrechtsgesetze und die Entstehung neuer Vorschriften, insbesondere in der EU. Das Verständnis dieses Bereichs erfordert die Untersuchung sowohl der technischen Natur von KI-Modellen als auch der rechtlichen Rahmenbedingungen für die Datennutzung."
"components/c-303/instruction/","Klicke auf die Felder unten, um mehr über dieses komplexe Thema zu erfahren."
"components/c-303/_items/0/title/","Modelle <em>speichern</em> keine urheberrechtlich geschützten Daten"
"components/c-303/_items/0/body/","KI-Modelle speichern typischerweise keine exakten Kopien urheberrechtlich geschützter Werke. Stattdessen lernen sie, indem sie abstrakte Konzepte extrahieren und in numerische Darstellungen kodieren. Dieser Prozess der Zerlegung und Abstraktion bedeutet, dass das trainierte Modell selbst keine direkte Kopie ist und somit typischerweise das Urheberrecht nicht verletzt."
"components/c-303/_items/1/title/","Während des Trainings ist dies eine fortlaufende Debatte"
"components/c-303/_items/1/body/","KI-Modelle werden auf riesigen Datenmengen trainiert, oft einschließlich urheberrechtlich geschützter Materialien, die aus dem Internet gescrapt wurden. Die Verwendung dieser Daten ohne ausdrückliche Genehmigung kann als Urheberrechtsverletzung angesehen werden. In den USA argumentieren Befürworter oft, dass dies unter 'Fair Use' fällt. In Deutschland und der EU existieren spezifische Ausnahmen für 'Text- und Data Mining' (TDM), die TDM unter bestimmten Bedingungen wie wissenschaftlicher Forschung erlauben."
"components/c-304/title/","Laufende Urheberrechtsfälle"
"components/c-304/displayTitle/","...insbesondere nach Ansicht der Urheberrechtsinhaber"
"components/c-304/body/","Lassen wir uns wichtige laufende Gerichtsverfahren untersuchen, die die Schnittstelle von KI-Training und Urheberrecht prägen."
"components/c-304/instruction/","Wähle die Tabs aus, um mehr zu erfahren."
"components/c-304/_items/0/tabTitle/","NYT vs. OpenAI"
"components/c-304/_items/0/title/","NYT vs. OpenAI & Microsoft"
"components/c-304/_items/0/body/","Die New York Times verklagte OpenAI und Microsoft mit der Behauptung, OpenAI habe Millionen ihrer Artikel ohne Genehmigung oder Bezahlung kopiert, um seine großen Sprachmodelle zu trainieren. Die Verteidigung von OpenAI stützt sich auf die Fair-Use-Doktrin. Ein Bundesrichter erlaubte kürzlich, die Hauptansprüche wegen Urheberrechtsverletzung weiterzuverfolgen und lehnte den Antrag von OpenAI auf Abweisung ab. Dieser hochkarätige Fall ist entscheidend für die Definition der Beziehung zwischen generativer KI und Urheberrecht."
"components/c-304/_items/1/tabTitle/","Getty vs. Stability AI"
"components/c-304/_items/1/title/","Getty Images vs. Stability AI"
"components/c-304/_items/1/body/","Getty Images verklagte Stability AI, den Entwickler des Text-zu-Bild-KI-Modells Stable Diffusion. Getty behauptet, Stability AI habe Millionen ihrer urheberrechtlich geschützten Bilder ohne Genehmigung verwendet, um ihr Modell zu trainieren. Die Klage behauptet Urheberrechts- und Markenrechtsverletzung und stellt fest, dass die KI manchmal Gettys Wasserzeichen oder visuell ähnliche Inhalte reproduziert."
"components/c-304/_items/2/tabTitle/","Kneschke vs. LAION"
"components/c-304/_items/2/title/","Kneschke vs. LAION"
"components/c-304/_items/2/body/","Der Künstler Christopher Kneschke (und andere in einer verwandten Sammelklage) verklagten LAION, eine gemeinnützige Organisation, die riesige Bild-Text-Datensätze aus dem Internet zusammenstellt. Diese Datensätze werden zum Training großer KI-Modelle verwendet. Die Klage behauptet, dass LAIONs Datensätze urheberrechtlich geschützte Bilder ohne Zustimmung der Künstler enthalten und somit die Urheberrechtsverletzung durch darauf trainierte Modelle erleichtern."
"components/c-305/title/","Verletzung durch KI-Ausgabe"
"components/c-305/displayTitle/","Ja, KI-Ausgabe kann Urheberrechte verletzen"
"components/c-305/body/","Auch wenn ein KI-Modell legal trainiert wird, kann der <b>von ihm generierte Inhalt dennoch zu Urheberrechtsverletzungen führen</b>. Dies geschieht, wenn die Ausgabe der KI einem bestehenden urheberrechtlich geschützten Werk <b>zu ähnlich ist</b> und somit die Rechte des ursprünglichen Urhebers verletzt."
"components/c-305/instruction/","Verwende die Pfeile unten, um die Wege zu erkunden, wie KI-generierte Inhalte Urheberrechte verletzen können."
"components/c-305/mobileInstruction/","Wähle das Plus-Symbol und dann den nächsten Pfeil, um mehr zu erfahren."
"components/c-305/_items/0/title/","Wesentliche Ähnlichkeit"
"components/c-305/_items/0/body/","Wenn KI-generierte Inhalte (wie ein Bild, Text oder Musik) einem bestehenden urheberrechtlich geschützten Werk <b>so ähnlich sind</b>, dass eine durchschnittliche Person es als Kopie erkennen würde, kann es als <b>verletzend angesehen werden</b>. Das bedeutet, die KI-Ausgabe hat <b>genügend kreative Elemente des Originals erfasst</b>, um eine rechtliche Schwelle zu überschreiten."
"components/c-305/_items/0/strapline/","Zu nah für Komfort"
"components/c-305/_items/0/_graphic/attribution/","<a href=""https://houstonlawreview.org/article/92126-copyright-safety-for-generative-ai"" target=""_blank"" style=""color: white;"">Sag (2023)</a>"
"components/c-305/_items/0/_graphic/alt/","Diagramm, das überwachtes Lernen mit gelabelten Daten zeigt, die zu einem Vorhersagemodell führen."
"components/c-305/_items/1/title/","Unautorisierte abgeleitete Werke"
"components/c-305/_items/1/body/","Urheberrechtsinhaber haben das <b>ausschließliche Recht, 'abgeleitete Werke' zu erstellen</b> – neue Werke, die auf ihren Originalkreationen basieren. Wenn ein Benutzer eine KI auffordert, Inhalte zu generieren, die eindeutig auf einem urheberrechtlich geschützten Charakter, einer Umgebung oder einem spezifischen künstlerischen Stil <b>ohne Genehmigung aufbauen</b> (z. B. eine neue Geschichte mit einer berühmten Zeichentrickfigur), könnte die Ausgabe der KI als <b>unautorisiertes abgeleitetes Werk</b> angesehen werden."
"components/c-305/_items/1/strapline/","Auf den Kreationen anderer aufbauen"
"components/c-305/_items/1/_graphic/attribution/","<a href=""https://houstonlawreview.org/article/92126-copyright-safety-for-generative-ai"" target=""_blank"" style=""color: white;"">Sag (2023)</a>"
"components/c-305/_items/1/_graphic/alt/","Diagramm, das überwachtes Lernen mit gelabelten Daten zeigt, die zu einem Vorhersagemodell führen."
"components/c-305/_items/2/title/","Das Snoopy-Problem"
"components/c-305/_items/2/body/","Dies zeigt, wie KI Elemente aus ihren Trainingsdaten <b>'memorieren'</b> und dann in ihrer Ausgabe reproduzieren kann. Je unverwechselbarer und häufiger ein Charakter oder visueller Identifikator in den Trainingsdaten dargestellt wird, <b>desto wahrscheinlicher ist es, dass die KI ihn reproduziert</b>, wenn sie dazu aufgefordert wird. Zum Beispiel kann KI <b>sehr ähnliche Darstellungen</b> bekannter Charaktere wie Snoopy oder Mickey Mouse generieren oder unverwechselbare künstlerische Stile reproduzieren. Dies geschieht, weil die KI konsistente Merkmale lernt, was es leicht macht, eine <b>verletzende Ausgabe hervorzurufen</b>, auch wenn es keine exakte Kopie eines einzelnen Originalwerks ist."
"components/c-305/_items/2/strapline/","Wenn KI 'sich erinnert'"
"components/c-305/_items/2/_graphic/attribution/","<a href=""https://houstonlawreview.org/article/92126-copyright-safety-for-generative-ai"" target=""_blank"" style=""color: white;"">Sag (2023)</a>"
"components/c-305/_items/2/_graphic/alt/","Diagramm, das überwachtes Lernen mit gelabelten Daten zeigt, die zu einem Vorhersagemodell führen."
"components/c-306/title/","KI-Ausgabe ist nicht urheberrechtlich schützbar"
"components/c-306/displayTitle/","Nein, KI-Ergebnisse sind nicht direkt urheberrechtlich schützbar"
"components/c-306/body/","Das derzeitige Verständnis und der Rahmen des Urheberrechts erlauben im Allgemeinen nicht die Urheberrechtsschutz von Ausgaben direkt durch KI-Modelle, da KI-Systeme selbst nicht als Urheber oder juristische Personen angesehen werden können."
"components/c-306/instruction/","Klicke auf die Felder unten, um die Nuancen des Urheberrechts für mit KI erstellte Inhalte zu erkunden."
"components/c-306/_items/0/front/","Menschliche Urheberschaft ist erforderlich"
"components/c-306/_items/0/back/body/","Das Urheberrecht erfordert grundsätzlich einen <b>menschlichen Urheber</b>. Dies beinhaltet einen '<b>persönlichen Stempel</b>' und '<b>freie, bewusste Entscheidungen</b>', die menschliche Persönlichkeit und Kreativität widerspiegeln. KI-Systeme, denen der <b>Status einer juristischen Person</b> fehlt, können keine Persönlichkeit ausdrücken oder Rechte innehaben, wodurch sie als Urheber disqualifiziert werden."
"components/c-306/_items/1/front/","KI als Werkzeug, nicht als Urheber"
"components/c-306/_items/1/back/body/","Während KI Werke produzieren kann, die <em>geschützt werden könnten</em>, hängt der Urheberrechtsschutz von <b>ausreichender menschlicher Intervention</b> ab. Menschen, die KI programmieren, trainieren, modifizieren oder die KI-Ausgabe auswählen, können Urheberrechte beanspruchen, da die KI als <b>Werkzeug</b> betrachtet wird, wie ein Pinsel oder eine Textverarbeitung."
"components/c-306/_items/2/front/","Unzureichender menschlicher Input"
"components/c-306/_items/2/back/body/","Wenn der menschliche Input bei '<b>freien und kreativen Entscheidungen</b>' '<b>unzureichend</b>' ist, fehlt KI-generierten Inhalten möglicherweise die notwendige '<b>Urheberschaft</b>' für den Urheberrechtsschutz. Der Schutz hängt vollständig vom Grad und der Art des <b>menschlichen kreativen Inputs</b> ab."
"components/c-307/title/","Wichtige Empfehlungen"
"components/c-307/displayTitle/","Wichtige Empfehlungen"
"components/c-307/body/","Zum Abschluss dieses Moduls findest du hier drei wichtige Empfehlungen für den Umgang mit der komplexen Landschaft des Urheberrechts und der Künstlichen Intelligenz:"
"components/c-307/_items/0/title/","Lade keine urheberrechtlich geschützten Informationen hoch"
"components/c-307/_items/0/body/","Stelle sicher, dass du das Recht an jeglichem Material besitzt, das du einem KI-System zum Training oder zur Kontextverbesserung zur Verfügung stellst."
"components/c-307/_items/1/title/","Überprüfe sorgfältig alle KI-generierten Ausgaben auf mögliche Verletzungen"
"components/c-307/_items/1/body/","Prüfe KI-generierte Inhalte auf Ähnlichkeiten mit bestehenden urheberrechtlich geschützten Werken und führe eine Due Diligence durch, bevor du sie veröffentlichst oder kommerzialisierst, da KI-Ausgaben Urheberrechte verletzen können."
"components/c-307/_items/2/title/","Stelle ausreichenden menschlichen kreativen Input für den Urheberrechtsschutz von KI-unterstützten Werken sicher"
"components/c-307/_items/2/body/","Um das Urheberrecht für KI-unterstützte Werke zu sichern, stelle eine signifikante menschliche Intervention, kreative Leitung oder Modifikation der KI-Ausgabe sicher, da KI allein kein Urheber sein kann."
"components/c-307/_items/3/title/","Im Zweifelsfall Rechtsberater hinzuziehen"
"components/c-307/_items/3/body/","Wenn du dir nicht sicher bist, ob dein neuer Inhalt das Urheberrecht verletzt, ziehe immer Rechtsexperten hinzu, z. B. das Rechtsteam deines Unternehmens."
"components/c-308/title/","Quiz: Urheberrechtsbedingungen"
"components/c-308/displayTitle/","Teste dein Wissen: Urheberrecht"
"components/c-308/body/","Was ist eine grundlegende Bedingung für die Urheberrechtsschutz eines Werkes, die insbesondere im deutschen und EU-Recht betont wird?"
"components/c-308/instruction/","Wähle eine Option aus, die zutrifft, und klicke dann auf Senden."
"components/c-308/ariaQuestion/","Was ist eine grundlegende Bedingung für die Urheberrechtsschutz eines Werkes gemäß dem Text?"
"components/c-308/_items/0/text/","Es muss kommerziell veröffentlicht werden."
"components/c-308/_items/0/altText/","Option: Kommerzielle Veröffentlichung erforderlich."
"components/c-308/_items/1/text/","Es muss ein konkreter Ausdruck einer Idee und eine intellektuelle Schöpfung eines menschlichen Urhebers sein."
"components/c-308/_items/1/altText/","Option: Konkreter Ausdruck und menschliche Urheberschaft."
"components/c-308/_items/2/text/","Es muss bei einem staatlichen Urheberrechtsamt registriert werden."
"components/c-308/_items/2/altText/","Option: Staatliche Registrierung erforderlich."
"components/c-308/_items/3/text/","Es muss eine völlig neue Idee sein, die noch nie zuvor erdacht wurde."
"components/c-308/_items/3/altText/","Option: Völlig neue Idee erforderlich."
"components/c-308/_feedback/title/","Erklärung der Urheberrechtsbedingungen"
"components/c-308/_feedback/correct/","Das ist richtig! Das Feld 'Was sind die Bedingungen?' besagt ausdrücklich, dass ein Werk ein 'konkreter Ausdruck' und eine 'intellektuelle Schöpfung eines menschlichen Urhebers' sein muss, um urheberrechtlich geschützt zu sein, wobei insbesondere die menschliche Urheberschaft im deutschen und EU-Recht als grundlegend hervorgehoben wird."
"components/c-308/_feedback/_incorrect/notFinal/","Nicht ganz. Überprüfe das Feld 'Was sind die Bedingungen?' im Abschnitt 'Urheberrecht im Allgemeinen'. Achte genau darauf, was als 'originell' gilt."
"components/c-308/_feedback/_incorrect/final/","Die richtige Antwort ist: Es muss ein konkreter Ausdruck einer Idee und eine intellektuelle Schöpfung eines menschlichen Urhebers sein. Das Urheberrecht schützt den Ausdruck einer Idee, nicht die Idee selbst, und erfordert menschliche Kreativität und einen 'persönlichen Stempel' für den Schutz unter vielen rechtlichen Rahmenbedingungen."
"components/c-308/_feedback/_partlyCorrect/notFinal/","Diese Frage hat nur eine richtige Antwort. Bitte überprüfe deine Wahl anhand des Inhalts."
"components/c-308/_feedback/_partlyCorrect/final/","Diese Frage hat nur eine richtige Antwort. Die richtige Antwort ist, dass ein Werk ein konkreter Ausdruck einer Idee und eine intellektuelle Schöpfung eines menschlichen Urhebers sein muss, um urheberrechtlich geschützt zu sein."
"components/c-308/_buttons/_submit/buttonText/","Senden"
"components/c-308/_buttons/_submit/ariaLabel/","Hier auswählen, um deine Antwort zu senden."
"components/c-308/_buttons/_reset/buttonText/","Zurücksetzen"
"components/c-308/_buttons/_reset/ariaLabel/","Hier auswählen, um deine Antwort zurückzusetzen."
"components/c-308/_buttons/_showCorrectAnswer/buttonText/","Richtige Antwort anzeigen"
"components/c-308/_buttons/_showCorrectAnswer/ariaLabel/","Hier auswählen, um die richtige Antwort anzuzeigen."
"components/c-308/_buttons/_hideCorrectAnswer/buttonText/","Meine Antwort anzeigen"
"components/c-308/_buttons/_hideCorrectAnswer/ariaLabel/","Hier auswählen, um deine Antwort anzuzeigen."
"components/c-308/_buttons/_showFeedback/buttonText/","Feedback anzeigen"
"components/c-308/_buttons/_showFeedback/ariaLabel/","Hier auswählen, um Feedback anzuzeigen."
"components/c-308/_buttons/remainingAttemptsText/","Versuche verbleibend"
"components/c-308/_buttons/remainingAttemptText/","letzter Versuch"
"components/c-309/title/","Quiz: Urheberrechts-Checkliste"
"components/c-309/displayTitle/","To-Do's vor der Veröffentlichung KI-unterstützter Werke"
"components/c-309/body/","Du hast ein KI-Tool verwendet, um bei der Erstellung eines neuen Produkts zu helfen (z. B. Generierung von Designelementen, Marketingtext oder Teilen eines Softwarecodes). Welche entscheidenden Überprüfungen solltest du vor der öffentlichen Veröffentlichung dieses Produkts durchführen, um Urheberrechtsbedenken gemäß den Empfehlungen in diesem Modul zu berücksichtigen? (Wähle alle zutreffenden Optionen aus)"
"components/c-309/instruction/","Wähle eine oder mehrere Optionen aus, die zutrifft, und klicke dann auf Senden."
"components/c-309/ariaQuestion/","Welche entscheidenden Überprüfungen solltest du vor der Veröffentlichung KI-unterstützter Werke durchführen?"
"components/c-309/_items/0/text/","Überprüfe, ob alle Informationen, die du dem KI-System zum Training oder zur Kontextverbesserung zur Verfügung gestellt hast, urheberrechtsfrei waren oder du die notwendigen Rechte zur Nutzung besaßest."
"components/c-309/_items/0/altText/","Option: Urheberrecht der Eingabedaten prüfen."
"components/c-309/_items/1/text/","Überprüfe sorgfältig alle in das Produkt integrierten KI-generierten Ausgaben auf mögliche Ähnlichkeiten mit bestehenden urheberrechtlich geschützten Werken."
"components/c-309/_items/1/altText/","Option: KI-Ausgabe auf Verletzung prüfen."
"components/c-309/_items/2/text/","Stelle sicher, dass im Endprodukt ausreichend menschlicher kreativer Input vorhanden war, um die menschliche Urheberschaft für den Urheberrechtsschutz zu begründen."
"components/c-309/_items/2/altText/","Option: Ausreichenden menschlichen Input sicherstellen."
"components/c-309/_items/3/text/","Überprüfe, ob das KI-Modell selbst bei den zuständigen Behörden zum Urheberrechtsschutz angemeldet wurde."
"components/c-309/_items/3/altText/","Option: Urheberrechtsregistrierung des KI-Modells prüfen."
"components/c-309/_feedback/title/","Erklärung der Urheberrechts-Checkliste"
"components/c-309/_feedback/correct/","Ausgezeichnet! Alle drei Punkte (A, B und C) sind entscheidende Schritte aus den Empfehlungen des Moduls. Die Sicherstellung, dass deine Eingabedaten klar sind, die sorgfältige Prüfung der KI-generierten Ausgabe auf mögliche Verletzungen und die Aufrechterhaltung einer ausreichenden menschlichen kreativen Kontrolle sind unerlässlich, um das Urheberrecht bei KI-unterstützten Produkten zu navigieren."
"components/c-309/_feedback/_incorrect/notFinal/","Nicht ganz. Überprüfe den Abschnitt 'Wichtige Empfehlungen'. Denke daran, dass Urheberrechtsbedenken sowohl für die Eingabe in die KI als auch für deren generierte Ausgabe sowie für den gesamten menschlichen Beitrag gelten."
"components/c-309/_feedback/_incorrect/final/","Die richtigen Antworten sind A, B und C. Die Empfehlungen betonen die Bedeutung von: 1) Sicherstellen, dass du die Rechte an allen Daten hast, die du der KI zur Verfügung stellst; 2) sorgfältiges Überprüfen der KI-generierten Inhalte auf Ähnlichkeiten mit bestehenden urheberrechtlich geschützten Werken; und 3) Sicherstellen, dass genügend menschlicher kreativer Input vorhanden ist, um Urheberrechte am Endwerk zu beanspruchen. Das Urheberrecht des KI-Modells selbst ist kein primäres Anliegen für Produktfreigabeprüfungen durch einen Benutzer."
"components/c-309/_feedback/_partlyCorrect/notFinal/","Du hast einige entscheidende Schritte identifiziert, aber nicht alle. Überprüfe die relevanten Abschnitte für die, die du verpasst hast."
"components/c-309/_feedback/_partlyCorrect/final/","Du hast einige entscheidende Schritte identifiziert, aber nicht alle. Die richtigen Antworten sind A, B und C. Die Empfehlungen betonen die Bedeutung von: 1) Sicherstellen, dass du die Rechte an allen Daten hast, die du der KI zur Verfügung stellst; 2) sorgfältiges Überprüfen der KI-generierten Inhalte auf Ähnlichkeiten mit bestehenden urheberrechtlich geschützten Werken; und 3) Sicherstellen, dass genügend menschlicher kreativer Input vorhanden ist, um Urheberrechte am Endwerk zu beanspruchen. Das Urheberrecht des KI-Modells selbst ist kein primäres Anliegen für Produktfreigabeprüfungen durch einen Benutzer."
"components/c-309/_buttons/_submit/buttonText/","Senden"
"components/c-309/_buttons/_submit/ariaLabel/","Hier auswählen, um deine Antwort zu senden."
"components/c-309/_buttons/_reset/buttonText/","Zurücksetzen"
"components/c-309/_buttons/_reset/ariaLabel/","Hier auswählen, um deine Antwort zurückzusetzen."
"components/c-309/_buttons/_showCorrectAnswer/buttonText/","Richtige Antwort anzeigen"
"components/c-309/_buttons/_showCorrectAnswer/ariaLabel/","Hier auswählen, um die richtige Antwort anzuzeigen."
"components/c-309/_buttons/_hideCorrectAnswer/buttonText/","Meine Antwort anzeigen"
"components/c-309/_buttons/_hideCorrectAnswer/ariaLabel/","Hier auswählen, um deine Antwort anzuzeigen."
"components/c-309/_buttons/_showFeedback/buttonText/","Feedback anzeigen"
"components/c-309/_buttons/_showFeedback/ariaLabel/","Hier auswählen, um Feedback anzuzeigen."
"components/c-309/_buttons/remainingAttemptsText/","Versuche verbleibend"
"components/c-309/_buttons/remainingAttemptText/","letzter Versuch"
"components/c-399/body/","Quellen: <br> <br> Guadamuz, Andres (2025):  The EU's Artificial Intelligence Act and copyright, The Journal of World Intellectual Property Vol. 28(1), DOI: <a href=""https://doi.org/10.1111/jwip.12330"" target=""_blank"">https://doi.org/10.1111/jwip.12330</a> <br> <br> Sag, Matthew (2023): Copyright Safety for Generative AI, Houston Law Review, Vol. 61(2),  DOI (pre-print): <a href=""https://dx.doi.org/10.2139/ssrn.4438593"" target=""_blank"">https://dx.doi.org/10.2139/ssrn.4438593</a> <br> <br> Smuha, Nathalie A. (editor) (2025): The Cambridge Handbook of the Law, Ethics and Policy of Artificial Intelligence, DOI: <a href=""https://doi.org/10.1017/9781009367783"" target=""_blank"">https://doi.org/10.1017/9781009367783</a> "
"components/c-401/title/","Wichtige DSGVO-Definitionen"
"components/c-401/displayTitle/","Grundlegende DSGVO-Definitionen"
"components/c-401/body/","Bevor wir die Anwendung der Datenschutz-Grundverordnung (DSGVO) auf KI untersuchen, ist es notwendig, ihre grundlegende Terminologie zu verstehen. Die DSGVO etabliert ihren Regulierungsrahmen durch präzise Definitionen. Die folgenden drei Konzepte sind zentral für Diskussionen über KI:"
"components/c-401/instruction/","Erkunde jeden Begriff unten, um seine Bedeutung zu verstehen."
"components/c-401/_items/0/front/","Personenbezogene Daten"
"components/c-401/_items/0/back/body/","Personenbezogene Daten beziehen sich auf <b>alle Informationen, die eine lebende Person identifizieren können</b>, entweder direkt oder indirekt. Beispiele sind <em>Namen, Identifikationsnummern, Standortdaten oder alle Daten, die zur Feststellung der Identität einer Person verwendet werden können.</em>"
"components/c-401/_items/1/front/","Verarbeitung"
"components/c-401/_items/1/back/body/","Datenverarbeitung bedeutet <b>jede</b> Handlung, die mit personenbezogenen Daten durchgeführt wird. Dazu gehören <em>das Sammeln, Speichern, Verwenden, Teilen, Ändern oder sogar Löschen.</em> Eine solche Verarbeitung kann manuell oder durch automatisierte Systeme erfolgen."
"components/c-401/_items/2/front/","Einwilligung"
"components/c-401/_items/2/back/body/","Einwilligung bedeutet eine <b>klare, freiwillige, spezifische und informierte Erlaubnis</b> einer Person zur Nutzung ihrer personenbezogenen Daten. Sie erfordert eine <em>eindeutige bejahende Handlung</em> und kann nicht impliziert werden."
"components/c-402/title/","Wie KI personenbezogene Daten verarbeitet"
"components/c-402/displayTitle/","Wie KI personenbezogene Daten verarbeitet"
"components/c-402/body/","Künstliche Intelligenz-Systeme sind stark auf Daten für ihre Funktionalität angewiesen. Das Verständnis, wie personenbezogene Daten in verschiedenen Phasen der KI-Entwicklung und -Bereitstellung gehandhabt werden, ist entscheidend für die Einhaltung der DSGVO. Wähle die Tabs aus, um jede Phase zu erkunden."
"components/c-402/instruction/","Wähle die Tabs aus, um mehr zu erfahren."
"components/c-402/_items/0/tabTitle/","Datenerfassung & Training"
"components/c-402/_items/0/title/","Phase 1: Datenerfassung & Ersttraining"
"components/c-402/_items/0/body/","KI-Systeme basieren auf einem <b>'enormen Datenhunger'</b>. Diese Anfangsphase beinhaltet das Sammeln riesiger Datenmengen, um Algorithmen zum Erkennen von Mustern und zum Treffen von Vorhersagen zu trainieren. Wenn die Daten ausreichend granular sind, können sie die <b>Wiedererkennung von Personen</b> ermöglichen, was bedeutet, dass personenbezogene Daten von Anfang an involviert sind. Diese Ansammlung relevanter Daten ist ein Schlüsselfaktor für KI-bezogene Probleme, da sie oft zur Erstellung von <em>Persönlichkeitsprofilen oder für individualisierte Dienste verwendet wird.</em>"
"components/c-402/_items/1/tabTitle/","Modellentwicklung & Risiken"
"components/c-402/_items/1/title/","Phase 2: KI-Modellentwicklung & Datenlecks"
"components/c-402/_items/1/body/","Während der Entwicklungsphase werden KI-Modelle aus den gesammelten Trainingsdaten erstellt. Selbst nachdem ein Modell trainiert wurde, könnte es unbeabsichtigt einige der personenbezogenen Daten, auf denen es trainiert wurde, durch Methoden wie <em>Modellinversion oder Mitgliedschafts-Inferenz-Angriffe</em> '<b>lecken</b>'. Das bedeutet, dass das trainierte Modell selbst personenbezogene Informationen enthalten kann, und seine Weitergabe oder Übertragung an Dritte wird als <b>'Verarbeitung' gemäß DSGVO</b> angesehen, unabhängig davon, ob die Originaldaten roh oder pseudonymisiert waren."
"components/c-402/_items/2/tabTitle/","Anwendung"
"components/c-402/_items/2/title/","Phase 3: KI-Anwendungen"
"components/c-402/_items/2/body/","Die letzte Phase beinhaltet die Bereitstellung des trainierten KI-Modells, um reale Vorhersagen und Entscheidungen zu treffen. Diese <b>'Inferenzphase'</b> verarbeitet personenbezogene Daten, um neue Informationen abzuleiten, zum Beispiel eine Bank, die eine KI verwendet, um das Ausfallrisiko von Krediten vorherzusagen. Diese Anwendung von KI auf personenbezogene Daten stellt eine <b>'weitere Verarbeitung'</b> dar und muss den DSGVO-Prinzipien entsprechen, da sie Einzelpersonen direkt durch <em>automatisierte Entscheidungen und Empfehlungen</em> betrifft."
"components/c-403/title/","Reibungspunkte zwischen KI und DSGVO"
"components/c-403/displayTitle/","Reibungspunkte zwischen KI und DSGVO"
"components/c-403/body/","Wenn Unternehmen Künstliche Intelligenz einsetzen, stützt sie sich oft auf deine persönlichen Informationen. Während die DSGVO darauf abzielt, dich zu schützen, können die einzigartigen Eigenschaften von KI spezifische Herausforderungen für Personen schaffen, die mit diesen Systemen innerhalb eines Unternehmens interagieren."
"components/c-403/instruction/","Klicke auf die Felder unten, um mehr zu erfahren."
"components/c-403/_items/0/title/","Zweckbindung"
"components/c-403/_items/0/body/","KI-Systeme verwenden deine Informationen oft auf Weisen, die <b>ursprünglich nicht erklärt oder vereinbart wurden.</b>"
"components/c-403/_items/1/title/","Transparenz"
"components/c-403/_items/1/body/","Entscheidungen, die von KI getroffen werden, können schwer zu verstehen sein. Es ist schwierig für ein Unternehmen zu erklären, <em>warum</em> eine KI zu einer bestimmten Schlussfolgerung über dich gelangt ist, was es schwierig macht zu wissen, wie ihre Entscheidungen getroffen werden."
"components/c-403/_items/2/title/","Datenminimierung und Speicherbegrenzung"
"components/c-403/_items/2/body/","KI lebt von großen Datenmengen, was oft bedeutet, dass <b>mehr deiner Informationen gesammelt werden, als unbedingt notwendig ist.</b> Dies macht es auch schwierig zu wissen, wann oder ob deine Daten jemals gelöscht werden."
"components/c-403/_items/3/title/","Genauigkeit"
"components/c-403/_items/3/body/","Daten müssen genau und aktuell sein. Die <b>'Black-Box'-Natur</b> der KI macht es jedoch schwierig, ungenaue Informationen zu erkennen und zu korrigieren. Eine wichtige Nuance ist, dass, während Eingabedaten genau sein müssen, die Ausgaben der KI oft <b>probabilistische Prognosen</b> sind, was die Anwendung dieses Prinzips erschwert."
"components/c-404/title/","Wichtige Empfehlungen"
"components/c-404/displayTitle/","Empfehlungen für Benutzer"
"components/c-404/body/","Als Endbenutzer können deine Handlungen den Datenschutz innerhalb von Unternehmens-KI-Systemen erheblich beeinflussen. Hier ist, was du wissen musst:"
"components/c-404/instruction/","Erkunde diese Empfehlungen, um zu verstehen, wie du personenbezogene Daten schützen kannst."
"components/c-404/_items/0/front/","Keine personenbezogenen Daten ohne Einwilligung"
"components/c-404/_items/0/back/body/","Als Endbenutzer <b>gib niemals personenbezogene Daten anderer</b> in ein KI-System ein, ohne eine klare, explizite Rechtsgrundlage zu bestätigen, wie z. B. deren <em>spezifische und informierte Einwilligung.</em>"
"components/c-404/_items/1/front/","Daten anonymisieren"
"components/c-404/_items/1/back/body/","Wenn deine Rolle die Handhabung oder Eingabe von Daten beinhaltet, die zu KI-Systemen beitragen, <b>priorisiere die Verwendung von Anonymisierungs- oder Pseudonymisierungstechniken</b>, um persönliche Identifikatoren zu entfernen oder zu verschleiern. Diese Methoden sind entscheidend, um das Risiko der <em>Wiedererkennung zu reduzieren und stimmen mit dem Prinzip der Datenminimierung überein.</em>"
"components/c-404/_items/2/front/","Deine Einwilligung überprüfen"
"components/c-404/_items/2/back/body/","Als Einzelperson, die ihre eigenen Daten bereitstellt, <b>prüfe sorgfältig Anfragen nach deiner Einwilligung,</b> insbesondere wenn sie vage, implizit oder als Standard-Opt-out dargestellt werden. Die DSGVO verlangt, dass die Einwilligung <b>'freiwillig, spezifisch, informiert und unmissverständlich'</b> erteilt wird, was hervorhebt, dass <em>weite oder implizite Vereinbarungen oft unzureichend sind.</em>"
"components/c-405/title/","Quiz: DSGVO-Definitionen"
"components/c-405/displayTitle/","Teste dein Wissen: DSGVO-Terminologie"
"components/c-405/body/","Gemäß den 'Wichtigen DSGVO-Definitionen', welche Art von Informationen wird als 'Personenbezogene Daten' kategorisiert?"
"components/c-405/instruction/","Wähle eine Option aus, die zutrifft, und klicke dann auf Senden."
"components/c-405/ariaQuestion/","Was wird gemäß den DSGVO-Definitionen als 'Personenbezogene Daten' kategorisiert?"
"components/c-405/_items/0/text/","Alle Informationen über die finanzielle Leistung eines Unternehmens."
"components/c-405/_items/0/altText/","Option: Finanzdaten des Unternehmens."
"components/c-405/_items/1/text/","Informationen, die vollständig anonymisiert wurden und keiner Person zugeordnet werden können."
"components/c-405/_items/1/altText/","Option: Vollständig anonymisierte Daten."
"components/c-405/_items/2/text/","Alle Informationen, die eine lebende Person direkt oder indirekt identifizieren können."
"components/c-405/_items/2/altText/","Option: Identifizierbare Informationen lebender Personen."
"components/c-405/_items/3/text/","Daten, die sich nur auf den Online-Browserverlauf einer Person beziehen."
"components/c-405/_items/3/altText/","Option: Online-Browserverlaufsdaten."
"components/c-405/_feedback/title/","Erklärung der Definition von personenbezogenen Daten"
"components/c-405/_feedback/correct/","Das ist richtig! Der Abschnitt 'Wichtige DSGVO-Definitionen' besagt klar, dass sich personenbezogene Daten auf 'alle Informationen beziehen, die eine lebende Person direkt oder indirekt identifizieren können.' Dies ist ein Kernkonzept der DSGVO."
"components/c-405/_feedback/_incorrect/notFinal/","Nicht ganz. Überprüfe das Feld 'Personenbezogene Daten' im Abschnitt 'Wichtige DSGVO-Definitionen'. Überlege, was Informationen im Kontext der DSGVO wirklich 'persönlich' macht."
"components/c-405/_feedback/_incorrect/final/","Die richtige Antwort ist: Alle Informationen, die eine lebende Person direkt oder indirekt identifizieren können. Diese weite Definition stellt sicher, dass verschiedene Arten von Daten, auch wenn sie nicht sofort offensichtlich sind, unter der DSGVO geschützt sind, wenn sie einer Person zugeordnet werden können."
"components/c-405/_feedback/_partlyCorrect/notFinal/","Diese Frage hat nur eine richtige Antwort. Bitte überprüfe deine Wahl anhand des Inhalts."
"components/c-405/_feedback/_partlyCorrect/final/","Diese Frage hat nur eine richtige Antwort. Die richtige Antwort ist, dass personenbezogene Daten alle Informationen umfassen, die eine lebende Person direkt oder indirekt identifizieren können."
"components/c-405/_buttons/_submit/buttonText/","Senden"
"components/c-405/_buttons/_submit/ariaLabel/","Hier auswählen, um deine Antwort zu senden."
"components/c-405/_buttons/_reset/buttonText/","Zurücksetzen"
"components/c-405/_buttons/_reset/ariaLabel/","Hier auswählen, um deine Antwort zurückzusetzen."
"components/c-405/_buttons/_showCorrectAnswer/buttonText/","Richtige Antwort anzeigen"
"components/c-405/_buttons/_showCorrectAnswer/ariaLabel/","Hier auswählen, um die richtige Antwort anzuzeigen."
"components/c-405/_buttons/_hideCorrectAnswer/buttonText/","Meine Antwort anzeigen"
"components/c-405/_buttons/_hideCorrectAnswer/ariaLabel/","Hier auswählen, um deine Antwort anzuzeigen."
"components/c-405/_buttons/_showFeedback/buttonText/","Feedback anzeigen"
"components/c-405/_buttons/_showFeedback/ariaLabel/","Hier auswählen, um Feedback anzuzeigen."
"components/c-405/_buttons/remainingAttemptsText/","Versuche verbleibend"
"components/c-405/_buttons/remainingAttemptText/","letzter Versuch"
"components/c-406/body/","Quellen: <br> <br> Paal, Boris P. (2022): Artificial Intelligence as a Challenge for Data Protection Law And Vice Versa. In: The Cambridge Handbook of Responsible Artificial Intelligence, <a href=""https://doi.org/10.1017/9781009207898.023"" target=""_blank"">https://doi.org/10.1017/9781009207898.023</a> <br> <br> Dewitte, Pierre (2025): AI Meets the GDPR. In: Smuha, N. A. (editor) (2025): The Cambridge Handbook of the Law, Ethics and Policy of Artificial Intelligence. DOI: <a href=""https://doi.org/10.1017/9781009367783.010"" target=""_blank"">https://doi.org/10.1017/9781009367783.010</a>"
"components/c-501/title/","Einführung in die EU-KI-Verordnung"
"components/c-501/displayTitle/","Lerne die EU-KI-Verordnung kennen"
"components/c-501/body/","Bevor wir mit den wichtigsten regulatorischen Anforderungen beginnen, möchten wir dir eine kurze Einführung in die EU-KI-Verordnung geben."
"components/c-501/instruction/","Klicke auf die Felder unten, um die grundlegenden Fragen zur EU-KI-Verordnung zu erkunden."
"components/c-501/_items/0/front/","Warum KI regulieren?"
"components/c-501/_items/0/back/body/","Die EU-KI-Verordnung zielt darauf ab, sicherzustellen, dass die Entwicklung und Nutzung von KI sicher und vertrauenswürdig sind und Grundrechte respektieren. Sie versucht, Innovation mit dem Schutz der Bürger in Einklang zu bringen und Vertrauen in KI aufzubauen."
"components/c-501/_items/1/front/","Was wird reguliert?"
"components/c-501/_items/1/back/body/","Jedes maschinenbasierte System, das auf dem EU-Markt in Verkehr gebracht wird und mit unterschiedlicher Autonomie und potenzieller Anpassungsfähigkeit arbeitet, das aus Eingaben ableitet, um virtuelle oder physische Ausgaben (Vorhersagen, Inhalte, Empfehlungen oder Entscheidungen) zu generieren."
"components/c-501/_items/2/front/","Wer ist betroffen?"
"components/c-501/_items/2/back/body/","Die EU-KI-Verordnung betrifft eine Vielzahl von Entitäten und Einzelpersonen, jede mit spezifischen Rollen und Verantwortlichkeiten zur Sicherstellung der Einhaltung und Verantwortung. Wir werden die Rollen im Detail als Nächstes besprechen."
"components/c-502/title/","Die EU-KI-Verordnung: Wichtige Meilensteine"
"components/c-502/displayTitle/","Der Zeitplan der KI-Verordnung"
"components/c-502/body/","Nachdem wir nun das Warum, das Was und das Wer geklärt haben, bleibt die Frage: 'Wann?'"
"components/c-502/instruction/","Wische oder klicke, um den Zeitplan der wichtigsten Meilensteine anzuzeigen."
"components/c-502/_items/0/title/","Februar 2025"
"components/c-502/_items/0/body/","Die strengsten Regeln treten in Kraft und verbieten bestimmte KI-Systeme mit inakzeptablen Risiken, wie z. B. Social Scoring durch Behörden und biometrische Fernidentifizierung in Echtzeit an öffentlichen Orten."
"components/c-502/_items/1/title/","August 2025"
"components/c-502/_items/1/body/","Regeln für KI-Modelle für allgemeine Zwecke (GPAI), die breite KI-Systeme wie große Sprachmodelle sind, werden aktiv. Zusätzlich müssen die Mitgliedstaaten ihre nationalen Behörden zur Durchsetzung der Verordnung eingerichtet und Strafen für die Nichteinhaltung festgelegt haben."
"components/c-502/_items/2/title/","August 2026"
"components/c-502/_items/2/body/","Die Mehrheit der Bestimmungen der KI-Verordnung beginnt zu gelten. Dies umfasst Anforderungen für Hochrisiko-KI-Systeme."
"components/c-502/_items/3/title/","August 2027"
"components/c-502/_items/3/body/","Spezifische Verpflichtungen für alle neuen Hochrisiko-KI-Systeme (wie solche, die in kritischen Infrastrukturen oder medizinischen Geräten verwendet werden) treten vollständig in Kraft. Auch Anbieter von GPAI-Modellen, die vor August 2025 eingeführt wurden, müssen bis zu diesem Datum vollständig konform sein."
"components/c-503/title/","Urheberrecht und KI"
"components/c-503/displayTitle/","Was sind die regulatorischen Anforderungen?"
"components/c-503/body/","Wie oben erwähnt, betrifft die KI eine breite Palette von Personen und Behörden. Die regulatorischen Verantwortlichkeiten hängen von zwei Hauptfragen ab:"
"components/c-503/_items/0/title/","Was ist deine Rolle?"
"components/c-503/_items/1/title/","Was ist das Risiko des KI-Systems?"
"components/c-505/title/","Schlüsselrollen im Ökosystem der EU-KI-Verordnung"
"components/c-505/displayTitle/","Deine Rolle kennen"
"components/c-505/body/","Artikel 3 (2-8) der KI-Verordnung definiert mehrere Schlüsselrollen, jede mit spezifischen Verantwortlichkeiten in Bezug auf KI-Systeme und KI-Modelle für allgemeine Zwecke. Das Verständnis dieser Rollen ist entscheidend für die Einhaltung der Vorschriften."
"components/c-505/instruction/","Klicke auf jedes Feld, um mehr über jede Schlüsselrolle zu erfahren."
"components/c-505/_items/0/front/","Anbieter"
"components/c-505/_items/0/back/body/","Dies ist das Unternehmen oder die Person, die ein KI-System oder ein KI-Modell für allgemeine Zwecke <b>erstellt</b> (oder erstellen lässt) und es dann unter eigenem Namen <b>verkauft oder zur Verfügung stellt</b>, sei es gegen Bezahlung oder kostenlos."
"components/c-505/_items/1/front/","Anwender"
"components/c-505/_items/1/back/body/","Dies ist jede Person (eine Person, ein Unternehmen oder eine Regierungsbehörde), die ein KI-System für ihre eigenen Operationen oder Dienste <b>nutzt</b>. Dies <i>schließt Personen nicht ein</i>, die KI ausschließlich für persönliche, nicht arbeitsbezogene Aktivitäten nutzen."
"components/c-505/_items/2/front/","Händler & Importeur"
"components/c-505/_items/2/back/body/","Ein <b>Händler</b> ist ein Unternehmen oder eine Person in der Lieferkette (wie ein Wiederverkäufer), die ein KI-System zum Verkauf in der EU anbietet, aber nicht der ursprüngliche Hersteller ist. Wenn das System von außerhalb der EU eingeführt wird, fungiert das Unternehmen oder die Person als <b>Importeur</b>."
"components/c-506/title/","Zielgruppe"
"components/c-506/body/","Um den Status des Anwenders zu behalten, vermeide es, das KI-System, das du verwenden möchtest, umzubenennen. Stelle außerdem sicher, dass du das System nur für den ursprünglich vorgesehenen Zweck verwendest. Wenn du dir über deine Rolle unsicher bist, verwende den EU AI Act Compliance Checker, der in den Quellen am Ende dieser Lektion verlinkt ist."
"components/c-507/_graphic/attribution/","<a href=""https://unsplash.com/photos/traffic-light-in-red-IqB5MPcQp6k"" target=""_blank"" style=""color: white;"">Erwan Hesry auf www.unsplash.com</a>"
"components/c-508/title/","Beispiele für verbotene Verwendungen"
"components/c-508/_items/0/title/","Schädliche Manipulation"
"components/c-508/_items/0/body/","KI-Systeme, die <b>unterschwellige, manipulative oder täuschende Techniken</b> mit dem Ziel oder der Wirkung der <b>Verhaltensverzerrung</b> verwenden, die <b>erheblichen Schaden</b> verursachen oder wahrscheinlich verursachen."
"components/c-508/_items/0/instruction/","Weiter »"
"components/c-508/_items/1/title/","Ausnutzung von Schwachstellen"
"components/c-508/_items/1/body/","KI-Systeme, die <b>Schwachstellen</b> in Bezug auf <b>Alter, Behinderung oder spezifische soziale/wirtschaftliche Situationen ausnutzen</b>, mit dem Ziel oder der Wirkung der <b>Verhaltensverzerrung</b>, die <b>erheblichen Schaden</b> verursachen oder wahrscheinlich verursachen."
"components/c-508/_items/1/instruction/","Weiter »"
"components/c-508/_items/2/title/","Sozial-Scoring"
"components/c-508/_items/2/body/","Systeme, die <b>Personen aufgrund ihres sozialen Verhaltens bewerten oder klassifizieren</b>, was zu <b>nachteiliger oder ungünstiger Behandlung</b> in sozialen Kontexten führt, die nicht mit der ursprünglichen Datenerfassung zusammenhängen, oder die <b>ungerechtfertigt oder unverhältnismäßig</b> ist."
"components/c-508/_items/2/instruction/","Weiter »"
"components/c-508/_items/3/title/","Prädiktive Polizeiarbeit"
"components/c-508/_items/3/body/","KI-Systeme, die darauf ausgelegt sind, das <b>Risiko einer Person</b>, eine <b>Straftat</b> zu begehen, <b>vorherzusagen</b>."
"components/c-508/_items/3/instruction/","Weiter »"
"components/c-508/_items/4/title/","Ungezieltes Scraping für Gesichtserkennung"
"components/c-508/_items/4/body/","<b>Ungezieltes Scraping</b> des Internets oder von CCTV-Material zum Zweck der <b>Erstellung oder Erweiterung von Gesichtserkennungsdatenbanken</b>."
"components/c-508/_items/4/instruction/","Weiter »"
"components/c-508/_items/5/title/","Emotionserkennung in spezifischen Kontexten"
"components/c-508/_items/5/body/","KI-Systeme, die zur <b>Ableitung von Emotionen</b> in <b>Arbeitsplätzen und Bildungseinrichtungen</b> verwendet werden."
"components/c-508/_items/5/instruction/","Weiter »"
"components/c-508/_items/6/title/","Biometrische Kategorisierung geschützter Merkmale"
"components/c-508/_items/6/body/","<b>Biometrische Kategorisierung</b>, die verwendet wird, um <b>bestimmte geschützte Merkmale abzuleiten</b> (z. B. politische Meinungen, sexuelle Orientierung, Rasse, religiöse Überzeugungen)."
"components/c-508/_items/6/instruction/","Weiter »"
"components/c-508/_items/7/title/","Biometrische Fernidentifizierung in Echtzeit"
"components/c-508/_items/7/body/","<b>Biometrische Fernidentifizierung in Echtzeit</b> für <b>Strafverfolgungszwecke</b> in <b>öffentlich zugänglichen Räumen</b> (mit begrenzten, strengen Ausnahmen für schwere Straftaten)."
"components/c-508/_items/7/instruction/","Abschließen ✔"
"components/c-509/_graphic/attribution/","Generiert mit Google Imagen 4"
"components/c-510/title/","Beispiele für Hochrisiko-Systeme"
"components/c-510/_items/0/title/","Sicherheitskomponenten von Produkten"
"components/c-510/_items/0/body/","KI-Systeme, die als <b>Sicherheitskomponenten in Produkten</b> verwendet werden, die bereits <b>EU-Sicherheitsvorschriften</b> unterliegen (z. B. medizinische Geräte, Luftfahrt, Autos)."
"components/c-510/_items/0/instruction/","Weiter »"
"components/c-510/_items/1/title/","Biometrische Identifikationssysteme"
"components/c-510/_items/1/body/","KI, die zur <b>biometrischen Fernidentifizierung</b> natürlicher Personen verwendet wird (ausgenommen Echtzeitnutzung durch Strafverfolgungsbehörden in der Öffentlichkeit, die <b>generell verboten ist</b>)."
"components/c-510/_items/1/instruction/","Weiter »"
"components/c-510/_items/2/title/","Management kritischer Infrastrukturen"
"components/c-510/_items/2/body/","KI-Systeme, die als <b>Sicherheitskomponenten</b> beim <b>Management wesentlicher Dienste</b> wie Wasser, Gas, Strom oder Verkehrssteuerung fungieren."
"components/c-510/_items/2/instruction/","Weiter »"
"components/c-510/_items/3/title/","Bildung & Berufsbildung"
"components/c-510/_items/3/body/","KI, die zur <b>Zugangsbestimmung</b> zu Bildungseinrichtungen, zur <b>Zuweisung von Personen</b> oder zur <b>Bewertung von Lernergebnissen</b> (z. B. Bewertung von Prüfungen) verwendet wird."
"components/c-510/_items/3/instruction/","Weiter »"
"components/c-510/_items/4/title/","Beschäftigung & Personalmanagement"
"components/c-510/_items/4/body/","KI-Systeme, die für die <b>Rekrutierung, Bewerberauswahl, Bewertung</b> von Kandidaten, <b>Aufgabenzuweisung, Überwachung oder Leistungsbewertung</b> von Arbeitnehmern verwendet werden."
"components/c-510/_items/4/instruction/","Weiter »"
"components/c-510/_items/5/title/","Zugang zu wesentlichen Diensten"
"components/c-510/_items/5/body/","KI, die zur <b>Bewertung der Kreditwürdigkeit</b>, zur <b>Entsendung von Notdiensten</b> oder zur <b>Bewertung der Anspruchsberechtigung für öffentliche Sozialleistungen</b> (z. B. Sozialhilfe, Gesundheitswesen) verwendet wird."
"components/c-510/_items/5/instruction/","Weiter »"
"components/c-510/_items/6/title/","Anwendungen der Strafverfolgung"
"components/c-510/_items/6/body/","KI-Systeme, die von Strafverfolgungsbehörden für Zwecke wie die <b>Bewertung des Kriminalitätsrisikos</b>, <b>Lügendetektoren</b> oder die <b>Bewertung der Zuverlässigkeit von Beweismitteln</b> verwendet werden."
"components/c-510/_items/6/instruction/","Weiter »"
"components/c-510/_items/7/title/","Migration, Asyl & Grenzkontrolle"
"components/c-510/_items/7/body/","KI-Systeme, die zur <b>Bewertung der Anspruchsberechtigung für Asyl, Visa oder Aufenthaltsgenehmigungen</b> oder zur <b>Überprüfung der Echtheit von Reisedokumenten</b> verwendet werden."
"components/c-510/_items/7/instruction/","Weiter »"
"components/c-510/_items/8/title/","Justizverwaltung & Demokratie"
"components/c-510/_items/8/body/","KI-Systeme, die dazu bestimmt sind, <b>Justizbehörden zu unterstützen</b> oder das <b>Ergebnis von Wahlen</b> oder Referenden zu beeinflussen."
"components/c-510/_items/8/instruction/","Abschließen ✔"
"components/c-511/title/","Rechtliche Anforderungen für Hochrisiko-Systeme"
"components/c-511/displayTitle/","Rechtliche Anforderungen für Hochrisiko-Systeme"
"components/c-511/body/","Bevor du ein Hochrisiko-System implementierst, zum Beispiel eine automatisierte Lebenslaufprüfung in der Personalbeschaffung, stelle sicher, dass du die folgenden rechtlichen Anforderungen erfüllst."
"components/c-511/instruction/","Wähle die Überschriften aus, um mehr zu erfahren."
"components/c-511/_items/0/title/","Governance und Datenmanagement"
"components/c-511/_items/0/body/","Anwender müssen sicherstellen, dass das KI-System gemäß den Anweisungen verwendet wird. Wenn sie Eingabedaten kontrollieren, müssen diese <strong>relevant und ausreichend repräsentativ</strong> für den beabsichtigten Verwendungszweck des Systems sein. Anwendbare <strong>Datenschutz-Folgenabschätzungen (DSFA)</strong> müssen durchgeführt werden, und eine <strong>Registrierung in der EU-Datenbank</strong> ist erforderlich, falls angegeben."
"components/c-511/_items/1/title/","Transparenz und Benachrichtigung"
"components/c-511/_items/1/body/","Vor der Verwendung oder Inbetriebnahme von Hochrisiko-KI-Systemen am Arbeitsplatz müssen Anwender <strong>betroffene Arbeitnehmer und deren Vertreter informieren</strong>. Zusätzlich müssen natürliche Personen <strong>über die Verwendung von Hochrisiko-KI bei Entscheidungen informiert werden</strong>, denen sie unterliegen."
"components/c-511/_items/2/title/","Risikomanagement und menschliche Aufsicht"
"components/c-511/_items/2/body/","Anwender sind verpflichtet, das <strong>Hochrisiko-KI-System</strong> und das von ihm ausgehende Risiko zu <strong>überwachen</strong>. Sie müssen den <strong>Anbieter, Händler und die zuständige Marktüberwachungsbehörde</strong> unverzüglich <strong>informieren</strong>, wenn die Nutzung ein Risiko für Gesundheit und Sicherheit oder Grundrechte darstellen könnte, und die <strong>Nutzung des Systems in solchen Fällen aussetzen</strong>. <strong>Menschliche Aufsicht</strong> muss durch Personen mit der notwendigen Schulung und Unterstützung gewährleistet werden. Anwender müssen außerdem <strong>automatisch generierte Protokolle</strong> der Systemnutzung (sofern unter ihrer Kontrolle) für mindestens sechs Monate aufbewahren und mit den <strong>relevanten zuständigen Behörden zusammenarbeiten</strong>."
"components/c-511/_items/3/title/","Recht auf Erklärung"
"components/c-511/_items/3/body/","Auf Anfrage einer Person müssen Anwender eine <strong>detaillierte Erklärung der Rolle der KI</strong> in jedem Entscheidungsprozess bereitstellen, der eine <strong>rechtliche oder ähnlich bedeutsame Wirkung</strong> auf diese Person hat, insbesondere wenn er eine <strong>nachteilige Auswirkung auf deren Gesundheit und Sicherheit oder Grundrechte</strong> hat. Die Erklärung muss auch die Hauptelemente der Entscheidung darlegen."
"components/c-513/title/","KI-Praktiken am Arbeitsplatz kategorisieren"
"components/c-513/displayTitle/","Teste dein Wissen: Risikoklassifizierung"
"components/c-513/body/","Wähle die richtige Risikokategorie aus dem Dropdown-Menü für jede KI-Praxis, basierend auf typischen Unternehmens- und Arbeitsplatzszenarien."
"components/c-513/instruction/","Wähle eine Option aus jeder Dropdown-Liste und klicke auf Senden."
"components/c-513/ariaQuestion/","Wähle die Risikokategorie für jede KI-Praxis."
"components/c-513/placeholder/","Kategorie auswählen..."
"components/c-513/_items/0/text/","Verwendung eines KI-Tools zur Analyse von Video-Feeds von Mitarbeitern und zur Berichterstattung über deren emotionalen Zustand während interner Besprechungen."
"components/c-513/_items/0/_options/0/text/","Verbotene KI-Praxis"
"components/c-513/_items/0/_options/1/text/","Hochrisiko-KI-Praxis"
"components/c-513/_items/1/text/","Implementierung einer KI-gestützten Plattform zur automatischen Überprüfung von Bewerbungen und zur Rangfolge von Kandidaten für Vorstellungsgespräche basierend auf deren Fähigkeiten und Erfahrungen."
"components/c-513/_items/1/_options/0/text/","Verbotene KI-Praxis"
"components/c-513/_items/1/_options/1/text/","Hochrisiko-KI-Praxis"
"components/c-513/_items/2/text/","Automatisches Scannen der persönlichen Social-Media-Beiträge von Mitarbeitern, um einen 'Verhaltens-Score' zu erstellen, der Beförderungen oder Disziplinarmaßnahmen innerhalb des Unternehmens beeinflusst."
"components/c-513/_items/2/_options/0/text/","Verbotene KI-Praxis"
"components/c-513/_items/2/_options/1/text/","Hochrisiko-KI-Praxis"
"components/c-513/_feedback/title/","Risikoklassifizierung erklärt"
"components/c-513/_feedback/correct/","Ausgezeichnet! Du hast diese KI-Praktiken gemäß ihren Risikostufen unter der EU-KI-Verordnung im Unternehmens-/Arbeitsplatzkontext korrekt klassifiziert. Dieses Verständnis ist entscheidend für die Einhaltung der Vorschriften."
"components/c-513/_feedback/_incorrect/notFinal/","Nicht ganz. Überprüfe die Abschnitte 'Verbotene Verwendungen' und 'Beispiele für Hochrisiko-Systeme' erneut und achte genau darauf, wie diese auf spezifische Aktionen am Arbeitsplatz zutreffen."
"components/c-513/_feedback/_incorrect/final/","Lassen wir uns die korrekten Klassifizierungen für KI-Praktiken überprüfen: 'Verbotene KI-Praktiken' sind solche, die ein inakzeptables Risiko für Grundrechte darstellen, wie die Verwendung von KI zur Ableitung von Emotionen von Mitarbeitern oder zur Erstellung von Verhaltens-Scores aus sozialen Medien. 'Hochrisiko-KI-Praktiken' sind solche, die erhebliche Risiken bergen, aber nicht gänzlich verboten sind, wie die Verwendung von KI bei der Personalbeschaffung oder der Leistungsbewertung von Arbeitnehmern."
"components/c-513/_feedback/_partlyCorrect/notFinal/","Du hast einige der Kategorien korrekt identifiziert, aber nicht alle. Überprüfe die relevanten Abschnitte für die, die du verpasst hast."
"components/c-513/_feedback/_partlyCorrect/final/","Du hast einige der Kategorien korrekt identifiziert, aber nicht alle. Überprüfe die relevanten Abschnitte für die, die du verpasst hast. 'Verbotene KI-Praktiken' sind solche, die ein inakzeptables Risiko für Grundrechte darstellen. 'Hochrisiko-KI-Praktiken' sind solche, die erhebliche Risiken bergen, aber nicht gänzlich verboten sind."
"components/c-513/_buttons/_submit/buttonText/","Senden"
"components/c-513/_buttons/_submit/ariaLabel/","Hier auswählen, um deine Antwort zu senden."
"components/c-513/_buttons/_reset/buttonText/","Zurücksetzen"
"components/c-513/_buttons/_reset/ariaLabel/","Hier auswählen, um deine Antwort zurückzusetzen."
"components/c-513/_buttons/_showCorrectAnswer/buttonText/","Richtige Antwort anzeigen"
"components/c-513/_buttons/_showCorrectAnswer/ariaLabel/","Hier auswählen, um die richtige Antwort anzuzeigen."
"components/c-513/_buttons/_hideCorrectAnswer/buttonText/","Meine Antwort anzeigen"
"components/c-513/_buttons/_hideCorrectAnswer/ariaLabel/","Hier auswählen, um deine Antwort anzuzeigen."
"components/c-513/_buttons/_showFeedback/buttonText/","Feedback anzeigen"
"components/c-513/_buttons/_showFeedback/ariaLabel/","Hier auswählen, um Feedback anzuzeigen."
"components/c-513/_buttons/remainingAttemptsText/","Versuche verbleibend"
"components/c-513/_buttons/remainingAttemptText/","letzter Versuch"
"components/c-514/title/","Quiz: Rollen der EU-KI-Verordnung verstehen"
"components/c-514/displayTitle/","Teste dein Wissen: Wer ist wer?"
"components/c-514/body/","Unternehmen X, ein in der EU ansässiges Unternehmen, integriert ein KI-gestütztes Tool zur Analyse der Kundenstimmung, das von einem Drittanbieter entwickelt wurde, in seine internen Kundensupport-Operationen, um das Kundenfeedback besser zu verstehen."
"components/c-514/instruction/","Wähle die Option, die die primäre Rolle von Unternehmen X am besten beschreibt."
"components/c-514/ariaQuestion/","Welche primäre Rolle übernimmt Unternehmen X durch die Nutzung dieses KI-Tools?"
"components/c-514/_items/0/text/","Anbieter"
"components/c-514/_items/0/altText/","Option: Anbieterrolle."
"components/c-514/_items/1/text/","Anwender"
"components/c-514/_items/1/altText/","Option: Anwenderrolle."
"components/c-514/_items/2/text/","Händler"
"components/c-514/_items/2/altText/","Option: Händlerrolle."
"components/c-514/_items/3/text/","Importeur"
"components/c-514/_items/3/altText/","Option: Importeurrolle."
"components/c-514/_feedback/title/","Rollen in der EU-KI-Verordnung verstehen"
"components/c-514/_feedback/correct/","Das ist richtig! Unternehmen X agiert als Anwender, da es das KI-System für seine eigenen Operationen und Dienste nutzt, anstatt es für den kommerziellen Vertrieb zu erstellen, zu verkaufen oder zu importieren."
"components/c-514/_feedback/_incorrect/notFinal/","Nicht ganz. Überprüfe den Abschnitt 'Schlüsselrollen im Ökosystem der EU-KI-Verordnung'. Überlege, ob Unternehmen X das KI-Tool erstellt, verkauft oder einfach nur nutzt."
"components/c-514/_feedback/_incorrect/final/","Die richtige Antwort ist Anwender. Ein Anbieter erstellt oder stellt ein KI-System unter eigenem Namen zur Verfügung. Ein Händler bietet ein KI-System zum Verkauf an, ohne der ursprüngliche Hersteller zu sein. Ein Importeur bringt ein System von außerhalb der EU zum Verkauf innerhalb der EU ein. Unternehmen X nutzt das KI-Tool lediglich für seine eigenen internen Geschäftszwecke, was die Rolle des Anwenders definiert."
"components/c-514/_feedback/_partlyCorrect/notFinal/","Diese Frage hat nur eine richtige Antwort. Bitte überprüfe deine Wahl anhand des Inhalts."
"components/c-514/_feedback/_partlyCorrect/final/","Diese Frage hat nur eine richtige Antwort. Die richtige Antwort ist Anwender, da Unternehmen X das KI-System für seine eigenen Operationen nutzt."
"components/c-515/body/","Quellen: <br> <br> High-level summary of the EU AI Act, last accessed on 29.06.2025, URL:  <a href=""https://artificialintelligenceact.eu/high-level-summary/"" target=""_blank"">https://artificialintelligenceact.eu/high-level-summary/</a> <br> <br> EU AI Act Compliance Checker, last accessed on 29.06.2025, URL:  <a href=""https://artificialintelligenceact.eu/assessment/eu-ai-act-compliance-checker/"" target=""_blank"">https://artificialintelligenceact.eu/assessment/eu-ai-act-compliance-checker/</a> <br> <br> The AI Act Explorer, last accessed on 29.06.2025, URL:  <a href=""https://artificialintelligenceact.eu/ai-act-explorer/"" target=""_blank"">https://artificialintelligenceact.eu/ai-act-explorer/</a>"
