"components/c-100/title/","Riconosci il Matterhorn generato dall'IA?"
"components/c-100/displayTitle/","Riconosci il Matterhorn generato dall'IA?"
"components/c-100/body/","Iniziamo con una piccola sfida. Una di queste immagini è stata creata con il modello di generazione di immagini Google Imagen 4, un esempio attuale di modelli di IA generativa. L'altra è una fotografia scattata da un essere umano. Riesci a riconoscere quale sia?"
"components/c-100/instruction/","Scegli l'immagine che ritieni sia stata generata dall'IA. Non preoccuparti, <strong> non sarai (ancora) valutato </strong>."
"components/c-100/ariaQuestion/","Quale di queste è il Matterhorn?"
"components/c-100/_items/0/altText/","Matterhorn 1"
"components/c-100/_items/0/_graphic/alt/","Matterhorn 2"
"components/c-100/_items/1/altText/","Matterhorn 2"
"components/c-100/_items/1/_graphic/alt/","Matterhorn 2"
"components/c-100/_feedback/title/","Feedback"
"components/c-100/_feedback/correct/","<strong> Esatto! </strong> Congratulazioni, hai identificato il Matterhorn generato dall'IA! Questa immagine è stata generata con Google Imagen 4, mentre l'altra è una foto reale da <a href=""https://www.pexels.com/photo/white-mountain-under-gray-sky-267104/"" target=""_blank"">www.pexels.com</a>."
"components/c-100/_feedback/_incorrect/notFinal/","Non è del tutto corretto. Riprova!"
"components/c-100/_feedback/_incorrect/final/","<strong>Sbagliato </strong>. Sembra che il modello ti abbia ingannato, e l'immagine che hai selezionato è una fotografia reale, proveniente da pexels.com (nessun credito personale). Ma devo ammettere che era piuttosto difficile a causa delle dimensioni ridotte delle immagini."
"components/c-100/_buttons/_submit/buttonText/","Invia"
"components/c-100/_buttons/_submit/ariaLabel/","Seleziona qui per inviare la tua risposta."
"components/c-100/_buttons/_reset/buttonText/","Reimposta"
"components/c-100/_buttons/_showCorrectAnswer/buttonText/","Risposta corretta"
"components/c-100/_buttons/_hideCorrectAnswer/buttonText/","La mia risposta"
"components/c-100/_buttons/_showFeedback/buttonText/","Mostra feedback"
"components/c-100/_buttons/remainingAttemptsText/","Tentativi rimanenti"
"components/c-100/_buttons/remainingAttemptText/","ultimo tentativo"
"components/c-101/displayTitle/","Il test di Turing: Un primo test del QI per computer"
"components/c-101/body/","Sviluppato da <a href=""https://de.wikipedia.org/wiki/Alan_Turing"" target=""_blank"">Alan Turing (1912-1954)</a>, un matematico britannico e il padre dell'informatica."
"components/c-101/instruction/","Scorri il dialogo per saperne di più."
"components/c-101/_characters/0/_graphic/alt/","Avatar utente"
"components/c-101/_characters/1/name/","Alan"
"components/c-101/_characters/1/_graphic/alt/","Ritratto di Alan Turing"
"components/c-101/_items/0/text/","Allora, Alan, abbiamo appena cercato di distinguere tra una foto reale e una generata dall'IA. Cosa c'entra questo con l'intelligenza?"
"components/c-101/_items/1/text/","Questa è un'ottima domanda! Colpisce il cuore di ciò che Turing chiese nel 1950: Può una macchina essere così brava a <em>imitare</em> l'intelligenza umana da non riuscire a distinguere la differenza?"
"components/c-101/_items/2/text/","Quindi ha sviluppato un test per questo?"
"components/c-101/_items/3/text/","Sì, oggi è conosciuto come il test di Turing. L'idea di base è questa: se un computer può condurre un dialogo con un essere umano senza essere riconosciuto come un computer, possiamo dire che possiede un certo grado di intelligenza."
"components/c-101/_items/4/text/","Quindi, invece di immagini, si tratta di conversazione?"
"components/c-101/_items/5/text/","Sì, nel tuo test di immagini eri il giudice e cercavi di decidere se l'<em>output</em> (l'immagine) fosse stato creato da esseri umani o macchine. Il test di Turing estende semplicemente questa idea alla <em>conversazione</em>. Può un computer creare <em>output conversazionali</em> che siano indistinguibili da quelli di un essere umano?"
"components/c-101/_items/6/text/","Ok, credo di capire. L'obiettivo è quindi creare un computer che possa <em>imitare</em> in modo convincente l'intelligenza umana?"
"components/c-101/_items/7/text/","Esatto! E più l'IA diventa avanzata, più diventa difficile identificare immagini, testi e video generati dall'IA. Naturalmente, sai che questa conversazione è pre-scritta, ma nuovi modelli come ChatGPT sono così convincenti che superano il test di Turing con facilità."
"components/c-101/_items/8/text/","Grazie!"
"components/c-103/title/","Cos'è l'IA?"
"components/c-103/body/","Il test di Turing è un'analogia molto utile, ma l'<strong>Intelligenza Artificiale</strong> è più che solo l'<strong>imitazione degli esseri umani</strong>."
"components/c-103/_items/0/title/","Applicabile in modo flessibile a diversi problemi"
"components/c-103/_items/0/body/","In sostanza, l'IA mira a creare macchine in grado di eseguire compiti che tipicamente richiedono intelligenza umana. Questi includono cose come la <strong>comprensione del linguaggio, il riconoscimento di modelli, la risoluzione di problemi e il processo decisionale.</strong>"
"components/c-103/_items/1/title/","Apprendimento e sviluppo continuo"
"components/c-103/_items/1/body/","L'IA moderna si concentra sulla capacità delle macchine di <strong>imparare dai dati e dalle esperienze</strong>, in modo simile al nostro cervello. Ciò include la scrittura di algoritmi che consentono all'IA di migliorare le sue prestazioni nel tempo attraverso il contatto con i dati e il feedback."
"components/c-103/_items/2/title/","Autonomia"
"components/c-103/_items/2/body/","L'IA mira a creare sistemi intelligenti che possano agire con un certo grado di <strong>indipendenza dagli esseri umani</strong>. Ciò significa che l'IA può prendere decisioni e intraprendere azioni senza istruzioni esplicite per ogni situazione."
"components/c-104/title/","Come imparano le macchine?"
"components/c-104/displayTitle/","E come imparano le macchine?"
"components/c-104/body/","L'<strong>Intelligenza Artificiale</strong> è il campo generale che mira a sviluppare macchine intelligenti. Se consideriamo l'IA come il ""cervello"", l'<strong>apprendimento automatico</strong> può essere visto come il processo attraverso il quale l'IA acquisisce le <strong>competenze necessarie</strong>. Ma come imparano le macchine?"
"components/c-104/instruction/","Usa le frecce qui sotto per esplorare diversi tipi di apprendimento automatico."
"components/c-104/mobileInstruction/","Seleziona il simbolo più e poi la freccia successiva per saperne di più."
"components/c-104/_items/0/title/","Apprendimento supervisionato: Imparare con un insegnante"
"components/c-104/_items/0/body/","L'apprendimento supervisionato è come imparare con un insegnante. All'algoritmo – l'IA – vengono forniti esempi con risposte corrette, chiamati anche <strong>dati etichettati</strong>. <br> <br> Ad esempio, gli potrebbero essere mostrate migliaia di immagini di mele, ognuna etichettata come 'mela', e immagini di banane, etichettate come 'banana'. L'obiettivo è che l'IA impari i modelli in modo da poter identificare correttamente mele o banane in nuove immagini non viste. I primi filtri antispam sono un esempio comune di apprendimento supervisionato."
"components/c-104/_items/0/_graphic/attribution/","Generato con Google Imagen 4"
"components/c-104/_items/0/_graphic/alt/","Diagramma che mostra l'apprendimento supervisionato con dati etichettati che portano a un modello predittivo."
"components/c-104/_items/0/strapline/","Imparare da dati etichettati"
"components/c-104/_items/1/title/","Apprendimento non supervisionato: Trovare i modelli da soli"
"components/c-104/_items/1/body/","L'apprendimento non supervisionato è come dare al sistema di IA una grande scatola di oggetti mescolati e chiedergli di ordinarli senza dirgli come. L'IA cerca da sola somiglianze e differenze per raggruppare gli oggetti. In questo caso, gli oggetti non hanno etichette da cui trarre conclusioni. <br> <br> Il sistema di IA potrebbe raggrupparli per colore, dimensione o forma. Questo viene utilizzato per scoprire <strong>modelli o strutture nascoste</strong> nei dati, come la segmentazione dei clienti. I consigli su Netflix o Spotify sono esempi comuni."
"components/c-104/_items/1/_graphic/attribution/","Generato con Google Imagen 4"
"components/c-104/_items/1/_graphic/alt/","Diagramma che mostra l'apprendimento non supervisionato nella ricerca di modelli in dati non etichettati."
"components/c-104/_items/1/strapline/","Scoprire strutture nascoste"
"components/c-104/_items/2/title/","Deep Learning: Più strati"
"components/c-104/_items/2/body/","Il Deep Learning è una versione più avanzata che consente compiti più complessi e prestazioni più elevate. Immagina di cercare di insegnare a un computer a riconoscere un gatto in un'immagine. Con l'apprendimento automatico regolare, potresti dover dire manualmente al computer cosa cercare – orecchie a punta e baffi. Il Deep Learning impara queste caratteristiche da solo, riconoscendole attraverso più strati. <br> <br> Il <strong>Deep Learning</strong> è spesso utilizzato per il <strong>riconoscimento delle immagini</strong>. Considera gli strati nell'immagine: Nel primo strato, la rete potrebbe riconoscere solo bordi e angoli. Lo strato successivo combina questi bordi per formare forme. E lo strato successivo combina le forme per riconoscere le caratteristiche del gatto. Infine, l'ultimo strato mette tutto insieme e dice: 'Questo è un gatto!'"
"components/c-104/_items/2/_graphic/attribution/","Generato con Google Imagen 4"
"components/c-104/_items/2/_graphic/alt/","Diagramma che mostra il Deep Learning con un gatto."
"components/c-104/_items/2/strapline/","Apprendimento attraverso più strati."
"components/c-105/title/","Quiz: Tipi di apprendimento"
"components/c-105/displayTitle/","Metti alla prova le tue conoscenze: Tipi di apprendimento"
"components/c-105/body/","Un sistema di IA ha il compito di identificare prodotti difettosi su una linea di produzione. Viene addestrato con un ampio set di dati in cui ogni immagine del prodotto è già etichettata come 'difettoso' o 'non difettoso'. Che tipo di apprendimento automatico viene utilizzato qui?"
"components/c-105/instruction/","Seleziona {{#if _isRadio}}un'opzione{{else}}una o più opzioni{{/if}} che si applicano, quindi clicca su Invia."
"components/c-105/ariaQuestion/","Un sistema di IA viene addestrato per identificare prodotti difettosi da immagini etichettate come 'difettoso' o 'non difettoso'. Che tipo di apprendimento automatico è questo?"
"components/c-105/_items/0/text/","Apprendimento supervisionato"
"components/c-105/_items/0/altText/","Opzione: Apprendimento supervisionato"
"components/c-105/_items/1/text/","Apprendimento non supervisionato"
"components/c-105/_items/1/altText/","Opzione: Apprendimento non supervisionato"
"components/c-105/_items/2/text/","Deep Learning"
"components/c-105/_items/2/altText/","Opzione: Deep Learning"
"components/c-105/_items/3/text/","Trading algoritmico"
"components/c-105/_items/3/altText/","Opzione: Trading algoritmico"
"components/c-105/_feedback/title/","Spiegazione dei tipi di apprendimento"
"components/c-105/_feedback/correct/","Esatto! Questo scenario descrive l'<strong>Apprendimento supervisionato</strong>. L'IA è 'supervisionata' perché impara da un set di dati in cui ogni esempio (immagine del prodotto) è già fornito della risposta o etichetta corretta ('difettoso' o 'non difettoso')."
"components/c-105/_feedback/_incorrect/notFinal/","Non del tutto. Considera quale tipo di apprendimento implica la comunicazione esplicita della risposta corretta per ogni set di dati di addestramento."
"components/c-105/_feedback/_incorrect/final/","La risposta corretta è l'<strong>Apprendimento supervisionato</strong>. Questo metodo viene utilizzato quando si dispone di un set di dati con risultati o etichette noti. L'apprendimento non supervisionato verrebbe utilizzato se l'IA dovesse trovare modelli in immagini di prodotti non etichettate (ad esempio, raggruppare difetti simili senza sapere cosa siano). L'apprendimento per rinforzo significherebbe che l'IA esegue azioni (come la classificazione di un prodotto) e riceve ricompense o penalità per imparare la migliore strategia di classificazione nel tempo. Il trading algoritmico è un'applicazione di varie tecniche, inclusa l'IA, ma non un tipo fondamentale di apprendimento in questo contesto."
"components/c-105/_feedback/_partlyCorrect/notFinal/","Questa opzione è per domande con più risposte corrette, il che non è il caso qui. Si prega di controllare il feedback per le risposte errate."
"components/c-105/_feedback/_partlyCorrect/final/","Questa opzione è per domande con più risposte corrette, il che non è il caso qui. La risposta corretta è l'<strong>Apprendimento supervisionato</strong>. Questo metodo viene utilizzato quando si dispone di un set di dati con risultati o etichette noti."
"components/c-105/_buttons/_submit/buttonText/","Invia"
"components/c-105/_buttons/_submit/ariaLabel/","Seleziona qui per inviare la tua risposta."
"components/c-105/_buttons/_reset/buttonText/","Reimposta"
"components/c-105/_buttons/_reset/ariaLabel/","Seleziona qui per reimpostare la tua risposta."
"components/c-105/_buttons/_showCorrectAnswer/buttonText/","Mostra risposta corretta"
"components/c-105/_buttons/_showCorrectAnswer/ariaLabel/","Seleziona qui per mostrare la risposta corretta."
"components/c-105/_buttons/_hideCorrectAnswer/buttonText/","Mostra la mia risposta"
"components/c-105/_buttons/_hideCorrectAnswer/ariaLabel/","Seleziona qui per mostrare la tua risposta."
"components/c-105/_buttons/_showFeedback/buttonText/","Mostra feedback"
"components/c-105/_buttons/_showFeedback/ariaLabel/","Seleziona qui per mostrare il feedback."
"components/c-105/_buttons/remainingAttemptsText/","Tentativi rimanenti"
"components/c-105/_buttons/remainingAttemptText/","ultimo tentativo"
"components/c-106/title/","Dati di addestramento"
"components/c-106/displayTitle/","Dati di addestramento: Il carburante per l'apprendimento automatico"
"components/c-106/body/","Ora sai cos'è l'intelligenza artificiale e come le macchine possono imparare dai dati. Manca però una parte importante: i <strong>dati di addestramento</strong>. Dati reali, spesso prodotti da esseri umani, vengono poi passati agli algoritmi di apprendimento automatico. Quali sono le tre considerazioni principali sui dati di addestramento?"
"components/c-106/_items/0/front/","Qualità dei dati"
"components/c-106/_items/0/back/body/","La qualità dei dati di addestramento è cruciale. Se i dati sono <strong>rumorosi, incompleti o distorti</strong>, il modello imparerà queste imperfezioni e si comporterà male su nuovi dati."
"components/c-106/_items/1/front/","Quantità di dati"
"components/c-106/_items/1/back/body/","Anche la quantità di dati di addestramento è importante. <strong>Più dati</strong> generalmente portano a un modello più accurato, soprattutto per compiti complessi."
"components/c-106/_items/2/front/","Rappresentatività dei dati"
"components/c-106/_items/2/back/body/","I dati di addestramento dovrebbero essere <strong>rappresentativi</strong> dei dati reali su cui il modello verrà utilizzato. Se i dati di addestramento differiscono significativamente dai dati reali, il modello potrebbe non generalizzare bene."
"components/c-107/body/","Fonti: <br> <br> Legg, Shane; Hutter, Marcus (2007): Universal Intelligence: A Definition of Machine Intelligence. DOI: <a href=""https://doi.org/10.48550/arXiv.0712.3329"" target=""_blank"">https://doi.org/10.48550/arXiv.0712.3329</a> <br> <br> Sousa Antunes et al. (2024): Multidisciplinary Perspectives on Artificial Intelligence and the Law, DOI: <a href=""https://doi.org/10.1007/978-3-031-41264-6"" target=""_blank"">https://doi.org/10.1007/978-3-031-41264-6</a> <br> <br> Huawei Technologies (2023): Artificial Intelligence Technogoly, DOI: <a href=""https://doi.org/10.1007/978-981-19-2879-6"" target=""_blank"">https://doi.org/10.1007/978-981-19-2879-6</a> "
"components/c-201/title/","Un giro di Memory veloce"
"components/c-201/displayTitle/","Iniziamo con un piccolo giro di Memory..."
"components/c-201/instruction/","Gira le carte per trovare le coppie corrispondenti."
"components/c-201/status/","Hai trovato {{guesses}} su {{total}} corrispondenze."
"components/c-201/_items/0/_graphic/alt/","Grafico segnaposto"
"components/c-201/feedback/","Ottimo, hai trovato tutte le carte corrispondenti, le immagini hanno qualcosa in comune?"
"components/c-202/title/","Stereotipi di genere nella generazione di immagini"
"components/c-202/displayTitle/","...ma è stato solo un caso, vero?"
"components/c-203/body/","Non c'è bisogno di essere un detective per riconoscere il modello nelle immagini sopra – sono tutti uomini bianchi. Questo accade perché i modelli di IA imparano dal nostro mondo e possono <b>assorbire e riprodurre le distorsioni strutturali</b> nei loro dati di addestramento. <br> <br> Per testare questo, ho condotto un semplice esperimento con il modello Imagen 3 di Google. Per quattro diverse professioni, ho generato 30 immagini ciascuna con i prompt che vedi a destra. I prompt erano originariamente in inglese, dove le professioni non hanno genere grammaticale."
"components/c-204/body/"," <br> <br> <br> <b> Foto realistica di un/una ... </b>"
"components/c-204/words/0/","Infermiera/e"
"components/c-204/words/1/","Idraulico"
"components/c-204/words/2/","Pilota"
"components/c-204/words/3/","Assistente di volo"
"components/c-205/title/","Scoprire modelli nella generazione di immagini"
"components/c-205/displayTitle/","No, c'è un modello..."
"components/c-205/_items/0/title/","<p> delle 30 immagini generate di piloti mostrano caratteristiche maschili.</p>"
"components/c-205/_items/0/_graphic/alt/","Grafico 1"
"components/c-205/_items/0/counterLabel/","%"
"components/c-205/_items/1/title/","<p> delle 30 assistenti di volo generate sono donne con caratteristiche molto simili.</p>"
"components/c-205/_items/1/_graphic/alt/","Grafico 2"
"components/c-205/_items/1/counterLabel/","%"
"components/c-205/_items/2/title/","<p> delle immagini generate di idraulici sono uomini, alcuni di loro assomigliano persino a un famoso personaggio dei videogiochi.</p>"
"components/c-205/_items/2/_graphic/alt/","Grafico 3"
"components/c-205/_items/2/counterLabel/","%"
"components/c-205/_items/3/title/","<p> delle immagini generate di infermiere sono donne di un fenotipo molto simile.</p>"
"components/c-205/_items/3/_graphic/alt/","Grafico 3"
"components/c-205/_items/3/counterLabel/","%"
"components/c-206/title/","Distorsioni nei dati testuali"
"components/c-207/title/","Scoprire distorsioni nascoste"
"components/c-207/_items/0/body/","Questo grafico rivela gli stereotipi nascosti che un modello linguistico reale ha imparato su professioni e generi. Clicca per saperne di più..."
"components/c-207/_items/0/instruction/","Avanti »"
"components/c-207/_items/1/title/","Come leggere il grafico"
"components/c-207/_items/1/body/","Ogni barra mostra l'associazione di genere di una professione. L'area azzurra mostra l'associazione maschile, e quella blu scuro mostra l'associazione femminile. Insieme, danno sempre il 100%."
"components/c-207/_items/1/instruction/","Avanti »"
"components/c-207/_items/2/title/","Cosa significa 'Associato a'"
"components/c-207/_items/2/body/","Il modello linguistico ha notato che certe parole ricorrono spesso insieme. Se una parola appare spesso vicino a 'lei' o 'lui', il modello le associa strettamente. Questo riflette modelli nei dati, non necessariamente la verità oggettiva."
"components/c-207/_items/2/instruction/","Avanti »"
"components/c-207/_items/3/title/","Uno sguardo a 'Infermiera/e'"
"components/c-207/_items/3/body/","Iniziamo dal centro. Il modello linguistico associa 'Infermiera/e' nel 57% dei casi a 'femminile'. Questo mostra uno stereotipo comune che il modello ha imparato dal testo."
"components/c-207/_items/3/instruction/","Avanti »"
"components/c-207/_items/4/title/","Ora, diamo un'occhiata a 'Idraulico'"
"components/c-207/_items/4/body/","Al contrario, il modello associa 'Idraulico' nel 52% di tutti i casi a 'maschile'. Sebbene sia una leggera distorsione, il modello riflette costantemente gli stereotipi sociali."
"components/c-207/_items/4/instruction/","Avanti »"
"components/c-207/_items/5/title/","Un esempio estremo"
"components/c-207/_items/5/body/","Considera ora un caso estremo come 'Finanziere'. Il modello linguistico mostra un'associazione maschile molto forte del 77%. Al contrario, il modello associa 'Stilista' con una probabilità del 70% a femminile."
"components/c-207/_items/5/instruction/","Avanti »"
"components/c-207/_items/6/title/","Perché è importante"
"components/c-207/_items/6/body/","Se i modelli linguistici ereditano queste distorsioni, possono portare a risultati ingiusti o distorti in applicazioni reali, come la revisione dei curriculum o la generazione di testo."
"components/c-207/_items/6/instruction/","Avanti »"
"components/c-207/_items/7/title/","La conclusione"
"components/c-207/_items/7/body/","Visualizzando queste distorsioni, possiamo comprenderle meglio e lavorare per creare modelli linguistici più equi e responsabili."
"components/c-207/_items/7/instruction/","Completato ✔"
"components/c-208/title/","Quiz: Comprendere le associazioni dell'IA"
"components/c-208/body/","Secondo il grafico fornito, il modello linguistico associa 'Receptionist' con una frequenza del 66% a 'femminile'. Cosa dice questa 'associazione' principalmente sul modello?"
"components/c-208/instruction/","Seleziona un'opzione che si applica, quindi clicca su Invia."
"components/c-208/ariaQuestion/","Cosa dice principalmente l'associazione del modello linguistico di 'Receptionist' con 'femminile'?"
"components/c-208/_items/0/text/","Il modello crede che le donne siano intrinsecamente più adatte alla professione di receptionist."
"components/c-208/_items/0/altText/","Opzione: Il modello crede che le donne siano più adatte per i receptionist."
"components/c-208/_items/1/text/","Il modello ha notato che la parola 'Receptionist' ricorre frequentemente vicino a pronomi o contesti associati al femminile nei suoi dati di addestramento."
"components/c-208/_items/1/altText/","Opzione: La parola 'Receptionist' ricorre spesso con pronomi/contesti femminili."
"components/c-208/_feedback/title/","Comprendere le associazioni dell'IA"
"components/c-208/_feedback/correct/","Esatto! Le 'associazioni' del modello riflettono modelli nelle enormi quantità di dati testuali su cui è stato addestrato. Non 'crede' nulla; identifica semplicemente relazioni statistiche tra parole come 'Receptionist' e pronomi come 'lei' o 'sua' in base alla frequenza con cui ricorrono insieme nei dati."
"components/c-208/_feedback/_incorrect/notFinal/","Non del tutto. Rivedi la sezione 'Scoprire le distorsioni nascoste dell'IA', in particolare la spiegazione di 'Cosa significa 'Associato a''. Considera come imparano i modelli linguistici."
"components/c-208/_feedback/_incorrect/final/","La risposta corretta è: Il modello ha notato che la parola 'Receptionist' ricorre frequentemente vicino a pronomi o contesti associati al femminile nei suoi dati di addestramento. I modelli di IA imparano trovando modelli statistici nei loro dati di addestramento. Le loro 'associazioni' sono un riflesso di questi modelli, non un giudizio o una convinzione sull'idoneità. Se 'Receptionist' nei dati di addestramento ricorreva spesso in frasi con 'lei' o 'sua', il modello lo assocerà maggiormente al femminile."
"components/c-208/_feedback/_partlyCorrect/notFinal/","Questa opzione è per domande con più risposte corrette, il che non è il caso qui. Si prega di controllare il feedback per le risposte errate."
"components/c-208/_feedback/_partlyCorrect/final/","Questa opzione è per domande con più risposte corrette, il che non è il caso qui. La risposta corretta è che il modello ha notato modelli statistici nei suoi dati di addestramento che collegano 'Receptionist' a termini associati al femminile."
"components/c-208/_buttons/_submit/buttonText/","Invia"
"components/c-208/_buttons/_submit/ariaLabel/","Seleziona qui per inviare la tua risposta."
"components/c-208/_buttons/_reset/buttonText/","Reimposta"
"components/c-208/_buttons/_reset/ariaLabel/","Seleziona qui per reimpostare la tua risposta."
"components/c-208/_buttons/_showCorrectAnswer/buttonText/","Mostra risposta corretta"
"components/c-208/_buttons/_showCorrectAnswer/ariaLabel/","Seleziona qui per mostrare la risposta corretta."
"components/c-208/_buttons/_hideCorrectAnswer/buttonText/","Mostra la mia risposta"
"components/c-208/_buttons/_hideCorrectAnswer/ariaLabel/","Seleziona qui per mostrare la tua risposta."
"components/c-208/_buttons/_showFeedback/buttonText/","Mostra feedback"
"components/c-208/_buttons/_showFeedback/ariaLabel/","Seleziona qui per mostrare il feedback."
"components/c-208/_buttons/remainingAttemptsText/","Tentativi rimanenti"
"components/c-208/_buttons/remainingAttemptText/","ultimo tentativo"
"components/c-209/title/","Da dove provengono le distorsioni?"
"components/c-209/displayTitle/","Ciò significa che <em>ogni</em> IA è distorta e discriminatoria?"
"components/c-209/body/","È un malinteso comune che la distorsione dell'IA implichi una <b>distorsione del modello stesso</b>. In questo contesto, 'distorsione' si riferisce semplicemente a modelli sistemici che l'IA impara e riproduce dai suoi dati di addestramento. Come mostrano gli esempi precedenti, l'output di un'IA è un <b>riflesso diretto delle informazioni su cui è stata addestrata</b>. I risultati non sono intenzionali, sono un'eco delle distorsioni sociali incorporate nei dati di origine. In definitiva, i sistemi di IA sono <b>solo buoni quanto i dati che gli vengono forniti</b> e le persone che li costruiscono e li guidano."
"components/c-209/instruction/","<b>Quindi, da dove provengono le distorsioni?</b> Clicca sui campi qui sotto per saperne di più."
"components/c-209/_items/0/front/","Dati raccolti per altri scopi"
"components/c-209/_items/0/back/body/","I sistemi di IA spesso analizzano dati esistenti che sono stati <b>raccolti per altri scopi</b> rispetto a quelli perseguiti dal sistema di IA. Ciò significa che i dati non sono stati raccolti con l'intenzione di essere utilizzati, ad esempio, per il reclutamento, quindi le caratteristiche dei dati che <b>potrebbero favorire risultati ingiusti non vengono prese in considerazione</b>."
"components/c-209/_items/1/front/","I dati sono storici"
"components/c-209/_items/1/back/body/","I dati storici <b>riflettono spesso passate distorsioni sociali</b> e pratiche discriminatorie. Se i sistemi di IA vengono addestrati su questi dati, possono <b>perpetuare e amplificare queste distorsioni</b>."
"components/c-209/_items/2/front/","I dati non sono rappresentativi"
"components/c-209/_items/2/back/body/","Questo problema si verifica quando un sistema di apprendimento automatico viene addestrato su dati che <b>non rappresentano completamente</b> la popolazione a cui il sistema deve essere applicato. I sistemi di IA possono quindi riflettere questa distorsione di rappresentazione quando sono esposti a dati reali che differiscono significativamente dai dati di addestramento e forniscono <b>risultati distorti o ingiusti</b>."
"components/c-210/title/","Impatto nella vita reale"
"components/c-210/displayTitle/","Impatto reale dei dati di addestramento distorti"
"components/c-210/body/","Gli esperimenti mentali precedenti sono in gran parte di natura teorica, quindi diamo un'occhiata a <b>esempi reali</b> in cui le distorsioni nei dati di addestramento hanno portato a risultati <b>subottimali e discriminatori</b> in applicazioni reali."
"components/c-210/instruction/","Seleziona le schede per saperne di più."
"components/c-210/_items/0/tabTitle/","Caso 1: Distorsione nel reclutamento"
"components/c-210/_items/0/title/","Caso 1: Distorsione di genere nel reclutamento"
"components/c-210/_items/0/body/","Amazon ha sviluppato un programma di IA per <b>automatizzare la preselezione</b> dei candidati esaminando i curriculum. Lo strumento è stato addestrato con curriculum di un periodo di dieci anni, un set di dati in cui <b>la maggior parte dei candidati di successo erano uomini</b>. Di conseguenza, l'IA ha imparato a essere <b>distorta contro le candidate donne</b>, penalizzando i curriculum che contenevano frasi come ""presidente del club di scacchi femminile"". Nonostante i tentativi di correggere la distorsione di genere, <b>Amazon ha infine abbandonato il programma</b>, poiché non era in linea con l'impegno dell'azienda per la diversità e l'uguaglianza sul posto di lavoro <a href='https://link.springer.com/book/10.1007/978-3-031-17040-9' target='_blank'>(vedi Stahl et al. 2023).</a>"
"components/c-210/_items/1/tabTitle/","Caso 2: Decisioni sulla libertà vigilata"
"components/c-210/_items/1/title/","Caso 2: Distorsione dell'IA nelle decisioni sulla libertà vigilata"
"components/c-210/_items/1/body/","Un prigioniero di nome Glenn Rodríguez, che aveva una <b>fedina penale esemplare</b>, ha richiesto il rilascio anticipato, ma la sua richiesta è stata respinta. La decisione del comitato per la libertà vigilata si basava sulla previsione di un sistema di IA chiamato COMPAS. Il comitato <b>non sapeva come funzionasse l'algoritmo dell'IA</b>, poiché era un segreto commerciale. Rodríguez ha scoperto in seguito che il suo punteggio elevato si basava su <b>opinioni soggettive e potenzialmente razzialmente distorte</b> delle guardie carcerarie. Sebbene sia stato infine rilasciato, il suo rilascio è stato comunque fortemente ritardato <a href='https://link.springer.com/book/10.1007/978-3-031-17040-9' target='_blank'>(vedi Stahl et al. 2023).</a>"
"components/c-210/_items/2/tabTitle/","Caso 3: Riconoscimento facciale"
"components/c-210/_items/2/title/","Caso 3: Distorsione nel riconoscimento facciale"
"components/c-210/_items/2/body/","La foto del passaporto di uno studente di ingegneria di origine asiatica in Nuova Zelanda è stata rifiutata da un sistema automatizzato perché <b>sosteneva erroneamente che i suoi occhi fossero chiusi</b>. Questo incidente indica un problema più ampio di <b>errori etnicamente correlati</b> nella tecnologia di riconoscimento facciale. Sistemi simili hanno mostrato <b>distorsioni verso altri gruppi</b>; ad esempio, le foto di donne di colore nel Regno Unito sono state <b>classificate quattro volte più spesso come di scarsa qualità</b>, con la foto di una studentessa nera rifiutata perché il sistema ha erroneamente riconosciuto la sua bocca come aperta <a href='https://link.springer.com/book/10.1007/978-3-031-17040-9' target='_blank'>(vedi Stahl et al. 2023)</a>."
"components/c-211/title/","Possibili soluzioni"
"components/c-211/displayTitle/","Affrontare le sfide"
"components/c-211/body/","Mentre le discussioni precedenti potrebbero aver evidenziato gli aspetti più preoccupanti dell'IA e dell'apprendimento automatico, questa sezione esamina le <b>soluzioni proattive e i progressi</b> che <b>affrontano efficacemente questi problemi</b>."
"components/c-211/instruction/","Seleziona le intestazioni per saperne di più."
"components/c-211/_items/0/title/","Rimani critico"
"components/c-211/_items/0/body/","Potresti aver notato che questo corso <b>utilizza intenzionalmente materiali di diversi modelli di IA</b>, come Google Imagen 3 e 4 per le immagini e un modello linguistico più vecchio per il grafico della distorsione di genere. Questo è intenzionale. <br> <br> Queste decisioni dimostrano punti importanti nella storia dell'apprendimento automatico e servono a ricordare di <b>mettere in discussione criticamente due cose: l'output dei sistemi di IA</b> in applicazioni sensibili e, altrettanto importante, le <b>motivazioni delle organizzazioni</b> che li forniscono. <br> <br> Nell'implementare qualsiasi tipo di sistema di IA, è utile tenere a mente gli esempi precedenti per <b>evitare risultati indesiderati</b>."
"components/c-211/_items/0/_graphic/attribution/","<a href=""https://www.pexels.com/photo/woman-blindfolded-8730085/"" target=""_blank"" style=""color: white;"">Lil Artsy su www.pexels.com</a>"
"components/c-211/_items/1/title/","Meccanismi di sicurezza"
"components/c-211/_items/1/body/","Gli esempi precedenti hanno mostrato come <b>dati di addestramento difettosi possano portare a risultati distorti o dannosi</b>, una preoccupazione sia per gli sviluppatori che per le autorità di regolamentazione. In risposta, gli sviluppatori di modelli implementano <b>filtri di sicurezza e 'guardrail' per prevenire comportamenti indesiderati</b>. <br> <br> Questi guardrail possono variare dalla moderazione dell'output e dalla mitigazione delle distorsioni a meccanismi che assicurano che le risposte siano conformi alle norme sociali o a una specifica identità aziendale. <br> <br> Per garantire che il confine tra comportamento accettabile e inaccettabile non sia tracciato esclusivamente dalle grandi aziende tecnologiche, iniziative come Guardrails.AI offrono standard aperti e guidati dalla comunità per i modelli di IA."
"components/c-211/_items/1/_graphic/attribution/","Generato con Google Imagen 4"
"components/c-211/_items/2/title/","I nuovi modelli tendono a essere migliori"
"components/c-211/_items/2/body/","I modelli di IA moderni tendono a mostrare una <b>riduzione della distorsione</b>, il che è dovuto a due fattori principali: l'<b>implementazione di meccanismi di sicurezza espliciti</b> e una <b>comprensione linguistica più sofisticata</b> che va oltre le correlazioni semplificate dei ruoli di genere dei modelli precedenti. <br> <br> Ad esempio, gli embedding linguistici integrati in ChatGPT portano a <b>associazioni significativamente più eque</b> tra genere e professioni rispetto al grafico precedente. <br> <br> Allo stesso modo, Imagen 4 di Google dimostra questo progresso generando una <b>maggiore diversità demografica</b>; il prompt 'foto realistica di un infermiere' ora genera immagini che mostrano uomini e donne in egual misura. Considera l'immagine a sinistra."
"components/c-211/_items/2/_graphic/attribution/","Generato con Google Imagen 4"
"components/c-213/title/","Quiz: Reclutamento Amazon"
"components/c-213/displayTitle/","Metti alla prova le tue conoscenze: L'IA di Amazon"
"components/c-213/body/","Nel caso di studio sul reclutamento di Amazon, qual è stata la ragione principale per cui il sistema di IA ha sviluppato una distorsione nei confronti delle candidate donne?"
"components/c-213/instruction/","Seleziona un'opzione che si applica, quindi clicca su Invia."
"components/c-213/ariaQuestion/","Qual è stata la ragione principale per cui il sistema di IA di Amazon ha sviluppato una distorsione nei confronti delle candidate donne?"
"components/c-213/_items/0/text/","È stato addestrato su curriculum di un periodo in cui la maggior parte dei candidati di successo erano uomini, il che ha portato a penalizzare i termini associati al femminile."
"components/c-213/_items/0/altText/","Opzione: Dati di addestramento distorti verso gli uomini."
"components/c-213/_items/1/text/","Gli sviluppatori di Amazon hanno intenzionalmente programmato l'IA per preferire i candidati maschi per determinati ruoli."
"components/c-213/_items/1/altText/","Opzione: Distorsione di programmazione intenzionale."
"components/c-213/_items/2/text/","Al sistema di IA mancava la capacità di elaborare il linguaggio neutro rispetto al genere, il che ha portato a errori."
"components/c-213/_items/2/altText/","Opzione: Mancanza di elaborazione del linguaggio neutro rispetto al genere."
"components/c-213/_items/3/text/","Le candidate donne presentavano spesso curriculum incompleti, che l'IA classificava come di qualità inferiore."
"components/c-213/_items/3/altText/","Opzione: Curriculum femminili incompleti."
"components/c-213/_feedback/title/","Spiegazione della distorsione nel reclutamento di Amazon"
"components/c-213/_feedback/correct/","Esatto! L'IA ha imparato da dati storici che mostravano prevalentemente uomini in ruoli di successo. Di conseguenza, ha purtroppo imparato ad associare determinati termini comuni nei curriculum delle donne (come 'presidente del club di scacchi femminile') a una minore attrattiva, il che ha portato a distorsioni."
"components/c-213/_feedback/_incorrect/notFinal/","Non del tutto. Rivedi il Caso 1 nella sezione 'Impatto nella vita reale'. Concentrati su come i dati di addestramento hanno influenzato i risultati dell'IA."
"components/c-213/_feedback/_incorrect/final/","La risposta corretta è: È stato addestrato su curriculum di un periodo in cui la maggior parte dei candidati di successo erano uomini, il che ha portato a penalizzare i termini associati al femminile. L'IA ha riflettuto le distorsioni presenti nei suoi dati di addestramento, che riflettevano i modelli di assunzione passati di Amazon, anziché essere intenzionalmente programmata per la distorsione o a causa di problemi di elaborazione del linguaggio."
"components/c-213/_feedback/_partlyCorrect/notFinal/","Questa opzione è per domande con più risposte corrette, il che non è il caso qui. Si prega di controllare il feedback per le risposte errate."
"components/c-213/_feedback/_partlyCorrect/final/","Questa opzione è per domande con più risposte corrette, il che non è il caso qui. La risposta corretta è che l'IA è stata addestrata su dati storici che favorivano i candidati maschi."
"components/c-213/_buttons/_submit/buttonText/","Invia"
"components/c-213/_buttons/_submit/ariaLabel/","Seleziona qui per inviare la tua risposta."
"components/c-213/_buttons/_reset/buttonText/","Reimposta"
"components/c-213/_buttons/_reset/ariaLabel/","Seleziona qui per reimpostare la tua risposta."
"components/c-213/_buttons/_showCorrectAnswer/buttonText/","Mostra risposta corretta"
"components/c-213/_buttons/_showCorrectAnswer/ariaLabel/","Seleziona qui per mostrare la risposta corretta."
"components/c-213/_buttons/_hideCorrectAnswer/buttonText/","Mostra la mia risposta"
"components/c-213/_buttons/_hideCorrectAnswer/ariaLabel/","Seleziona qui per mostrare la tua risposta."
"components/c-213/_buttons/_showFeedback/buttonText/","Mostra feedback"
"components/c-213/_buttons/_showFeedback/ariaLabel/","Seleziona qui per mostrare il feedback."
"components/c-213/_buttons/remainingAttemptsText/","Tentativi rimanenti"
"components/c-213/_buttons/remainingAttemptText/","ultimo tentativo"
"components/c-214/body/","Fonti: <br> <br> Stahl, Bernd; Schroeder, Doris & Rodrigues, Rowena (2023):  Ethics of Artificial Intelligence. DOI: <a href=""https://doi.org/10.1007/978-3-031-17040-9"" target=""_blank"">https://doi.org/10.1007/978-3-031-17040-9</a> <br> <br> Bolukbasi et al. (2016): Man is to Computer Programmer as Woman is to Homemaker? Debiasing Word Embeddings, DOI: <a href=""https://doi.org/10.48550/arXiv.1607.06520"" target=""_blank"">https://doi.org/10.48550/arXiv.1607.06520</a> <br> <br> Huawei Technologies (2023): Artificial Intelligence Technogoly, DOI: <a href=""https://doi.org/10.1007/978-981-19-2879-6"" target=""_blank"">https://doi.org/10.1007/978-981-19-2879-6</a> "
"components/c-301/title/","Diritto d'autore in generale"
"components/c-301/displayTitle/","Cos'è il diritto d'autore?"
"components/c-301/body/","Il diritto d'autore è un <b>diritto</b> che concede agli autori il <b>controllo esclusivo</b> sulle loro opere letterarie e artistiche originali. Come parte della legge sulla proprietà intellettuale (IP), protegge le 'opere d'autore' consentendo agli autori di gestire l'uso e la distribuzione delle loro creazioni."
"components/c-301/instruction/","Clicca sui campi qui sotto per saperne di più sul diritto d'autore."
"components/c-301/_items/0/front/","Cosa è protetto?"
"components/c-301/_items/0/back/body/","Il diritto d'autore protegge l'<b><em>espressione concreta</em> di un'idea</b>, non l'idea stessa. Si applica a opere letterarie e artistiche tangibili come romanzi, canzoni, dipinti e software e conferisce agli autori il <b>controllo sulle loro specifiche manifestazioni</b>."
"components/c-301/_items/1/front/","A quali condizioni?"
"components/c-301/_items/1/back/body/","Per essere protetta dal diritto d'autore, un'opera deve essere espressa in modo <b><em>concreto</em></b> (non idee astratte) ed essere <b><em>originale</em></b>. Originalità significa che è una <b>creazione intellettuale di un essere umano</b> che riflette la sua personalità e le sue scelte creative. Questa <b>paternità umana è fondamentale</b>, in particolare nel diritto tedesco e dell'UE."
"components/c-301/_items/2/front/","Quali sono i diritti del proprietario?</b>"
"components/c-301/_items/2/back/body/","I proprietari ottengono <b>diritti esclusivi di riproduzione, distribuzione e comunicazione al pubblico</b> della loro opera. Possiedono anche <b>diritti morali</b>, inclusi divulgazione, integrità e attribuzione, che garantiscono il controllo. Il diritto d'autore dura negli Stati membri dell'UE generalmente per la <b>vita degli autori più 70 anni</b>."
"components/c-302/title/","Diritto d'autore e IA"
"components/c-302/displayTitle/","E perché è importante per l'IA?"
"components/c-302/body/","Ricorda il test di Turing dalla prima parte di questo corso: l'output dei sistemi di IA è diventato così buono che gran parte di esso è difficile da distinguere dai contenuti umani. E gran parte dei contenuti umani su Internet è protetta dalle leggi sul diritto d'autore. In questa lezione tratteremo tre domande:"
"components/c-302/_items/0/title/","L'addestramento dell'IA viola il diritto d'autore?"
"components/c-302/_items/1/title/","I risultati dei sistemi di IA possono violare il diritto d'autore?"
"components/c-302/_items/2/title/","I risultati dell'IA sono protetti dal diritto d'autore?"
"components/c-303/title/","Addestramento dell'IA e diritto d'autore"
"components/c-303/displayTitle/","L'addestramento dell'IA <em> potrebbe </em> violare il diritto d'autore"
"components/c-303/body/","La questione se l'addestramento dei modelli di IA con materiale protetto da copyright costituisca una violazione è un tema legale centrale e molto dibattuto. Implica interpretazioni complesse delle leggi sul diritto d'autore esistenti e l'emergere di nuove normative, in particolare nell'UE. La comprensione di questo settore richiede l'esame sia della natura tecnica dei modelli di IA che dei quadri giuridici per l'uso dei dati."
"components/c-303/instruction/","Clicca sui campi qui sotto per saperne di più su questo argomento complesso."
"components/c-303/_items/0/title/","I modelli non <em>memorizzano</em> dati protetti da copyright"
"components/c-303/_items/0/body/","I modelli di IA tipicamente non memorizzano copie esatte di opere protette da copyright. Invece, imparano estraendo concetti astratti e codificandoli in rappresentazioni numeriche. Questo processo di scomposizione e astrazione significa che il modello addestrato stesso non è una copia diretta e quindi tipicamente non viola il diritto d'autore."
"components/c-303/_items/1/title/","Durante l'addestramento, questo è un dibattito in corso"
"components/c-303/_items/1/body/","I modelli di IA vengono addestrati su enormi quantità di dati, spesso inclusi materiali protetti da copyright, che sono stati 'scraped' da Internet. L'uso di questi dati senza autorizzazione esplicita può essere considerato una violazione del diritto d'autore. Negli Stati Uniti, i sostenitori spesso sostengono che ciò rientra nel 'Fair Use'. In Germania e nell'UE esistono eccezioni specifiche come la ricerca scientifica."
"components/c-304/title/","Casi di diritto d'autore in corso"
"components/c-304/displayTitle/","...in particolare secondo i titolari del diritto d'autore"
"components/c-304/body/","Diamo un'occhiata a importanti procedimenti giudiziari in corso all'intersezione tra addestramento dell'IA e diritto d'autore."
"components/c-304/instruction/","Seleziona le schede per saperne di più."
"components/c-304/_items/0/tabTitle/","NYT vs. OpenAI"
"components/c-304/_items/0/title/","NYT vs. OpenAI & Microsoft"
"components/c-304/_items/0/body/","Il New York Times ha citato in giudizio OpenAI e Microsoft sostenendo che OpenAI ha copiato milioni dei suoi articoli senza autorizzazione o pagamento per addestrare i suoi grandi modelli linguistici (ad esempio ChatGPT). La difesa di OpenAI si basa sulla dottrina del Fair Use. Un giudice federale ha recentemente permesso di proseguire le principali rivendicazioni di violazione del diritto d'autore e ha respinto la mozione di OpenAI per il rigetto. Questo caso di alto profilo è cruciale per definire la relazione tra IA generativa e diritto d'autore."
"components/c-304/_items/1/tabTitle/","Getty vs. Stability AI"
"components/c-304/_items/1/title/","Getty Images vs. Stability AI"
"components/c-304/_items/1/body/","Getty Images ha citato in giudizio Stability AI, lo sviluppatore del modello di IA da testo a immagine Stable Diffusion. Getty sostiene che Stability AI ha utilizzato milioni delle sue immagini protette da copyright senza autorizzazione per addestrare il suo modello. La causa sostiene la violazione del diritto d'autore e del marchio e rileva che l'IA a volte riproduce la filigrana di Getty o contenuti visivamente simili."
"components/c-304/_items/2/tabTitle/","Kneschke vs. LAION"
"components/c-304/_items/2/title/","Kneschke vs. LAION"
"components/c-304/_items/2/body/","L'artista Christopher Kneschke (e altri in una causa collettiva correlata) hanno citato in giudizio LAION, un'organizzazione senza scopo di lucro che raccoglie enormi set di dati immagine-testo da Internet. Questi set di dati vengono utilizzati per addestrare grandi modelli di IA. La causa sostiene che i set di dati di LAION contengono immagini protette da copyright senza il consenso degli artisti e quindi facilitano la violazione del diritto d'autore da parte dei modelli addestrati su di essi."
"components/c-305/title/","Violazione tramite output dell'IA"
"components/c-305/displayTitle/","Sì, l'output dell'IA può violare il diritto d'autore"
"components/c-305/body/","Anche se un modello di IA viene addestrato legalmente, il <b>contenuto generato da esso può comunque portare a violazioni del diritto d'autore</b>. Ciò accade quando l'output dell'IA è <b>troppo simile</b> a un'opera esistente protetta da copyright e quindi viola il diritto d'autore."
"components/c-305/instruction/","Usa le frecce qui sotto per esplorare come i contenuti generati dall'IA possono violare il diritto d'autore."
"components/c-305/mobileInstruction/","Seleziona il simbolo più e poi la freccia successiva per saperne di più."
"components/c-305/_items/0/title/","Somiglianza sostanziale"
"components/c-305/_items/0/body/","Se i contenuti generati dall'IA (come un'immagine, un testo o una musica) sono <b>così simili</b> a un'opera esistente protetta da copyright che una persona media la riconoscerebbe come una copia, può essere considerata <b>violante</b>. Ciò significa che l'output dell'IA ha <b>catturato abbastanza elementi creativi dell'originale</b> da superare una soglia legale."
"components/c-305/_items/0/strapline/","Troppo vicino per essere comodo"
"components/c-305/_items/0/_graphic/attribution/","<a href=""https://houstonlawreview.org/article/92126-copyright-safety-for-generative-ai"" target=""_blank"" style=""color: white;"">Sag (2023)</a>"
"components/c-305/_items/0/_graphic/alt/","Diagramma che mostra l'apprendimento supervisionato con dati etichettati che portano a un modello predittivo."
"components/c-305/_items/1/title/","Opere derivate non autorizzate"
"components/c-305/_items/1/body/","I titolari del diritto d'autore hanno il <b>diritto esclusivo di creare 'opere derivate'</b> – nuove opere basate sulle loro creazioni originali. Se un utente chiede a un'IA di generare contenuti che si basano chiaramente su un personaggio, un ambiente o uno stile artistico specifico protetto da copyright <b>senza autorizzazione</b> (ad esempio, una nuova storia con un famoso personaggio dei cartoni animati), l'output dell'IA potrebbe essere considerato un'<b>opera derivata non autorizzata</b>."
"components/c-305/_items/1/strapline/","Basarsi sulle creazioni altrui"
"components/c-305/_items/1/_graphic/attribution/","<a href=""https://houstonlawreview.org/article/92126-copyright-safety-for-generative-ai"" target=""_blank"" style=""color: white;"">Sag (2023)</a>"
"components/c-305/_items/1/_graphic/alt/","Diagramma che mostra l'apprendimento supervisionato con dati etichettati che portano a un modello predittivo."
"components/c-305/_items/2/title/","Il problema di Snoopy"
"components/c-305/_items/2/body/","Questo mostra come l'IA possa imparare elementi dai suoi dati di addestramento e poi riprodurli nel suo output. Più un personaggio o un identificatore visivo è distintivo e frequente nei dati di addestramento, <b>più è probabile che l'IA lo riproduca</b> quando le viene richiesto. Ad esempio, l'IA può generare <b>rappresentazioni molto simili</b> di personaggi noti come Snoopy o Topolino o riprodurre stili artistici distintivi. Questo accade perché l'IA impara caratteristiche coerenti, il che rende facile <b>evocare un output violante</b>, anche se non è una copia esatta di una singola opera originale."
"components/c-305/_items/2/strapline/","Quando l'IA 'ricorda'"
"components/c-305/_items/2/_graphic/attribution/","<a href=""https://houstonlawreview.org/article/92126-copyright-safety-for-generative-ai"" target=""_blank"" style=""color: white;"">Sag (2023)</a>"
"components/c-305/_items/2/_graphic/alt/","Diagramma che mostra l'apprendimento supervisionato con dati etichettati che portano a un modello predittivo."
"components/c-306/title/","L'output dell'IA non è protetto da copyright"
"components/c-306/displayTitle/","No, i risultati dell'IA non sono direttamente protetti da copyright"
"components/c-306/body/","L'attuale comprensione e il quadro del diritto d'autore generalmente non consentono la protezione del diritto d'autore degli output direttamente dai modelli di IA, poiché i sistemi di IA stessi non possono essere considerati autori o persone giuridiche."
"components/c-306/instruction/","Clicca sui campi qui sotto per esplorare le sfumature del diritto d'autore per i contenuti creati con l'IA."
"components/c-306/_items/0/front/","È richiesta la paternità umana"
"components/c-306/_items/0/back/body/","Il diritto d'autore richiede fondamentalmente <b>autori umani</b>. Ciò include un '<b>tocco personale</b>' e '<b>decisioni libere e consapevoli</b>' che riflettono la personalità e la creatività umana. I sistemi di IA, a cui manca lo <b>status di persona giuridica</b>, non possono esprimere personalità o detenere diritti, il che li squalifica come autori."
"components/c-306/_items/1/front/","L'IA come strumento, non come autrice"
"components/c-306/_items/1/back/body/","Mentre l'IA può produrre opere che <em>potrebbero essere protette</em>, la protezione del diritto d'autore dipende da un'<b>intervento umano sufficiente</b>. Le persone che programmano, addestrano, modificano l'IA o selezionano l'output dell'IA possono rivendicare il diritto d'autore, poiché l'IA è considerata uno <b>strumento</b>, come un pennello o un elaboratore di testi."
"components/c-306/_items/2/front/","Input umano insufficiente"
"components/c-306/_items/2/back/body/","Se l'input umano nelle '<b>decisioni libere e creative</b>' è <b>insufficiente</b>, ai contenuti generati dall'IA potrebbe mancare la necessaria <b>paternità</b> per la protezione del diritto d'autore. La protezione dipende interamente dal grado e dal tipo di <b>input creativo umano</b>."
"components/c-307/title/","Linee guida importanti"
"components/c-307/displayTitle/","Linee guida importanti"
"components/c-307/body/","Per concludere questo modulo, ecco tre importanti raccomandazioni per affrontare il complesso panorama del diritto d'autore e dell'Intelligenza Artificiale:"
"components/c-307/_items/0/title/","Non caricare informazioni protette da copyright"
"components/c-307/_items/0/body/","Assicurati di possedere i diritti su qualsiasi materiale che fornisci a un sistema di IA per l'addestramento o il miglioramento del contesto."
"components/c-307/_items/1/title/","Controlla attentamente tutti gli output generati dall'IA per possibili violazioni"
"components/c-307/_items/1/body/","Esamina i contenuti generati dall'IA per somiglianze con opere esistenti protette da copyright ed esegui una due diligence prima di pubblicarli o commercializzarli, poiché gli output dell'IA possono violare il diritto d'autore."
"components/c-307/_items/2/title/","Assicurati un input creativo umano sufficiente per la protezione del diritto d'autore delle opere assistite dall'IA"
"components/c-307/_items/2/body/","Per garantire il diritto d'autore per le opere assistite dall'IA, assicurati un intervento umano significativo, una direzione creativa o una modifica dell'output dell'IA, poiché l'IA da sola non può essere un autore."
"components/c-307/_items/3/title/","In caso di dubbio, consulta un legale"
"components/c-307/_items/3/body/","Se non sei sicuro che il tuo nuovo contenuto violi il diritto d'autore, consulta sempre un legale, ad esempio il team legale della tua azienda."
"components/c-308/title/","Quiz: Condizioni del diritto d'autore"
"components/c-308/displayTitle/","Metti alla prova le tue conoscenze: Diritto d'autore"
"components/c-308/body/","Qual è una condizione fondamentale per la protezione del diritto d'autore di un'opera, che viene particolarmente sottolineata nel diritto tedesco e dell'UE?"
"components/c-308/instruction/","Seleziona un'opzione che si applica, quindi clicca su Invia."
"components/c-308/ariaQuestion/","Qual è una condizione fondamentale per la protezione del diritto d'autore di un'opera secondo il testo?"
"components/c-308/_items/0/text/","Deve essere pubblicato commercialmente."
"components/c-308/_items/0/altText/","Opzione: Pubblicazione commerciale richiesta."
"components/c-308/_items/1/text/","Deve essere un'espressione concreta di un'idea e una creazione intellettuale di autori umani."
"components/c-308/_items/1/altText/","Opzione: Espressione concreta e paternità umana."
"components/c-308/_items/2/text/","Deve essere registrato presso un ufficio statale del diritto d'autore."
"components/c-308/_items/2/altText/","Opzione: Registrazione statale richiesta."
"components/c-308/_items/3/text/","Deve essere un'idea completamente nuova che non è mai stata concepita prima."
"components/c-308/_items/3/altText/","Opzione: Idea completamente nuova richiesta."
"components/c-308/_feedback/title/","Spiegazione delle condizioni del diritto d'autore"
"components/c-308/_feedback/correct/","Esatto! Il campo 'Quali sono le condizioni?' afferma esplicitamente che un'opera deve essere un'espressione concreta e una creazione intellettuale di autori umani per essere protetta dal diritto d'autore, sottolineando in particolare la paternità umana come fondamentale nel diritto tedesco e dell'UE."
"components/c-308/_feedback/_incorrect/notFinal/","Non del tutto. Rivedi il campo 'Quali sono le condizioni?' nella sezione 'Diritto d'autore in generale'. Presta molta attenzione a ciò che è considerato 'originale'."
"components/c-308/_feedback/_incorrect/final/","La risposta corretta è: Deve essere un'espressione concreta di un'idea e una creazione intellettuale di autori umani. Il diritto d'autore protegge l'espressione di un'idea, non l'idea stessa, e richiede creatività umana e un 'tocco personale' per la protezione in molti quadri giuridici."
"components/c-308/_feedback/_partlyCorrect/notFinal/","Questa domanda ha solo una risposta corretta. Si prega di controllare la propria scelta in base al contenuto."
"components/c-308/_feedback/_partlyCorrect/final/","Questa domanda ha solo una risposta corretta. La risposta corretta è che un'opera deve essere un'espressione concreta di un'idea e una creazione intellettuale di autori umani per essere protetta dal diritto d'autore."
"components/c-308/_buttons/_submit/buttonText/","Invia"
"components/c-308/_buttons/_submit/ariaLabel/","Seleziona qui per inviare la tua risposta."
"components/c-308/_buttons/_reset/buttonText/","Reimposta"
"components/c-308/_buttons/_reset/ariaLabel/","Seleziona qui per reimpostare la tua risposta."
"components/c-308/_buttons/_showCorrectAnswer/buttonText/","Mostra risposta corretta"
"components/c-308/_buttons/_showCorrectAnswer/ariaLabel/","Seleziona qui per mostrare la risposta corretta."
"components/c-308/_buttons/_hideCorrectAnswer/buttonText/","Mostra la mia risposta"
"components/c-308/_buttons/_hideCorrectAnswer/ariaLabel/","Seleziona qui per mostrare la tua risposta."
"components/c-308/_buttons/_showFeedback/buttonText/","Mostra feedback"
"components/c-308/_buttons/_showFeedback/ariaLabel/","Seleziona qui per mostrare il feedback."
"components/c-308/_buttons/remainingAttemptsText/","Tentativi rimanenti"
"components/c-308/_buttons/remainingAttemptText/","ultimo tentativo"
"components/c-309/title/","Quiz: Checklist del diritto d'autore"
"components/c-309/displayTitle/","Cose da fare prima di pubblicare opere assistite dall'IA"
"components/c-309/body/","Hai utilizzato uno strumento di IA per aiutare nella creazione di un nuovo prodotto (ad esempio, generazione di elementi di design, testo di marketing o parti di codice software). Quali controlli cruciali dovresti eseguire prima di pubblicare pubblicamente questo prodotto per affrontare le preoccupazioni sul diritto d'autore secondo le raccomandazioni in questo modulo?"
"components/c-309/instruction/","Seleziona una o più opzioni che si applicano, quindi clicca su Invia."
"components/c-309/ariaQuestion/","Quali controlli cruciali dovresti eseguire prima di pubblicare opere assistite dall'IA?"
"components/c-309/_items/0/text/","Verifica che tutte le informazioni che hai fornito al sistema di IA per l'addestramento o il miglioramento del contesto fossero libere da copyright o che tu avessi i diritti necessari per utilizzarle."
"components/c-309/_items/0/altText/","Opzione: Controlla il copyright dei dati di input."
"components/c-309/_items/1/text/","Controlla attentamente tutti gli output generati dall'IA integrati nel prodotto per possibili somiglianze con opere esistenti protette da copyright."
"components/c-309/_items/1/altText/","Opzione: Controlla l'output dell'IA per violazioni."
"components/c-309/_items/2/text/","Assicurati che nel prodotto finale ci sia stato un input creativo umano sufficiente per stabilire la paternità umana per la protezione del diritto d'autore."
"components/c-309/_items/2/altText/","Opzione: Assicurati un input umano sufficiente."
"components/c-309/_items/3/text/","Verifica che il modello di IA stesso sia stato registrato presso le autorità competenti per la protezione del diritto d'autore."
"components/c-309/_items/3/altText/","Opzione: Controlla la registrazione del copyright del modello di IA."
"components/c-309/_feedback/title/","Spiegazione della checklist del diritto d'autore"
"components/c-309/_feedback/correct/","Eccellente! Tutti e tre i punti (A, B e C) sono passaggi cruciali dalle raccomandazioni del modulo. Assicurarsi che i dati di input siano chiari, controllare attentamente l'output generato dall'IA per possibili violazioni e mantenere un controllo creativo umano sufficiente sono essenziali per navigare nel diritto d'autore nei prodotti assistiti dall'IA."
"components/c-309/_feedback/_incorrect/notFinal/","Non del tutto. Rivedi la sezione 'Raccomandazioni importanti'. Ricorda che le preoccupazioni sul diritto d'autore si applicano sia all'input nell'IA che al suo output generato, nonché al contributo umano complessivo."
"components/c-309/_feedback/_incorrect/final/","Le risposte corrette sono A, B e C. Le raccomandazioni sottolineano l'importanza di: 1) Assicurarsi di avere i diritti su tutti i dati che si forniscono all'IA; 2) controllare attentamente i contenuti generati dall'IA per somiglianze con opere esistenti protette da copyright; e 3) assicurarsi che ci sia un input creativo umano sufficiente per rivendicare il diritto d'autore sull'opera finale. Il diritto d'autore del modello di IA stesso non è una preoccupazione primaria per i controlli di rilascio del prodotto da parte di un utente."
"components/c-309/_feedback/_partlyCorrect/notFinal/","Hai identificato alcuni passaggi cruciali, ma non tutti. Rivedi le sezioni pertinenti per quelli che hai perso."
"components/c-309/_feedback/_partlyCorrect/final/","Hai identificato alcuni passaggi cruciali, ma non tutti. Le risposte corrette sono A, B e C. Le raccomandazioni sottolineano l'importanza di: 1) Assicurarsi di avere i diritti su tutti i dati che si forniscono all'IA; 2) controllare attentamente i contenuti generati dall'IA per somiglianze con opere esistenti protette da copyright; e 3) assicurarsi che ci sia un input creativo umano sufficiente per rivendicare il diritto d'autore sull'opera finale. Il diritto d'autore del modello di IA stesso non è una preoccupazione primaria per i controlli di rilascio del prodotto da parte di un utente."
"components/c-309/_buttons/_submit/buttonText/","Invia"
"components/c-309/_buttons/_submit/ariaLabel/","Seleziona qui per inviare la tua risposta."
"components/c-309/_buttons/_reset/buttonText/","Reimposta"
"components/c-309/_buttons/_reset/ariaLabel/","Seleziona qui per reimpostare la tua risposta."
"components/c-309/_buttons/_showCorrectAnswer/buttonText/","Mostra risposta corretta"
"components/c-309/_buttons/_showCorrectAnswer/ariaLabel/","Seleziona qui per mostrare la risposta corretta."
"components/c-309/_buttons/_hideCorrectAnswer/buttonText/","Mostra la mia risposta"
"components/c-309/_buttons/_hideCorrectAnswer/ariaLabel/","Seleziona qui per mostrare la tua risposta."
"components/c-309/_buttons/_showFeedback/buttonText/","Mostra feedback"
"components/c-309/_buttons/_showFeedback/ariaLabel/","Seleziona qui per mostrare il feedback."
"components/c-309/_buttons/remainingAttemptsText/","Tentativi rimanenti"
"components/c-309/_buttons/remainingAttemptText/","ultimo tentativo"
"components/c-399/body/","Fonti: <br> <br> Guadamuz, Andres (2025):  The EU's Artificial Intelligence Act and copyright, The Journal of World Intellectual Property Vol. 28(1), DOI: <a href=""https://doi.org/10.1111/jwip.12330"" target=""_blank"">https://doi.org/10.1111/jwip.12330</a> <br> <br> Sag, Matthew (2023): Copyright Safety for Generative AI, Houston Law Review, Vol. 61(2),  DOI (pre-print): <a href=""https://dx.doi.org/10.2139/ssrn.4438593"" target=""_blank"">https://dx.doi.org/10.2139/ssrn.4438593</a> <br> <br> Smuha, Nathalie A. (editor) (2025): The Cambridge Handbook of the Law, Ethics and Policy of Artificial Intelligence, DOI: <a href=""https://doi.org/10.1017/9781009367783"" target=""_blank"">https://doi.org/10.1017/9781009367783</a> "
"components/c-401/title/","Definizioni importanti del GDPR"
"components/c-401/displayTitle/","Definizioni fondamentali del GDPR"
"components/c-401/body/","Prima di esaminare l'applicazione del Regolamento Generale sulla Protezione dei Dati (GDPR) all'IA, è necessario comprenderne la terminologia fondamentale. Il GDPR stabilisce il suo quadro normativo attraverso definizioni precise. I seguenti tre concetti sono centrali per le discussioni sull'IA:"
"components/c-401/instruction/","Esplora ogni termine qui sotto per comprenderne il significato."
"components/c-401/_items/0/front/","Dati personali"
"components/c-401/_items/0/back/body/","I dati personali si riferiscono a <b>tutte le informazioni che possono identificare una persona vivente</b>, direttamente o indirettamente. Esempi includono <em>nomi, numeri di identificazione, dati di localizzazione o qualsiasi dato che possa essere utilizzato per stabilire l'identità di una persona.</em>"
"components/c-401/_items/1/front/","Trattamento"
"components/c-401/_items/1/back/body/","Il trattamento dei dati significa <b>qualsiasi</b> operazione eseguita su dati personali. Ciò include <em>la raccolta, la memorizzazione, l'uso, la condivisione, la modifica o persino la cancellazione.</em> Tale trattamento può essere manuale o tramite sistemi automatizzati."
"components/c-401/_items/2/front/","Consenso"
"components/c-401/_items/2/back/body/","Il consenso significa un'<b>autorizzazione chiara, volontaria, specifica e informata</b> di una persona all'uso dei suoi dati personali. Richiede un'<em>azione affermativa inequivocabile</em> e non può essere implicito."
"components/c-402/title/","Come l'IA elabora i dati personali"
"components/c-402/displayTitle/","Come l'IA elabora i dati personali"
"components/c-402/body/","I sistemi di Intelligenza Artificiale dipendono fortemente dai dati per la loro funzionalità. Comprendere come i dati personali vengono gestiti nelle diverse fasi dello sviluppo e della distribuzione dell'IA è cruciale per la conformità al GDPR."
"components/c-402/instruction/","Seleziona le schede per saperne di più."
"components/c-402/_items/0/tabTitle/","Raccolta dati e addestramento"
"components/c-402/_items/0/title/","Fase 1: Raccolta dati e addestramento iniziale"
"components/c-402/_items/0/body/","I sistemi di IA si basano su una <b>'enorme fame di dati'</b>. Questa fase iniziale comporta la raccolta di enormi quantità di dati per addestrare algoritmi per il riconoscimento di modelli o le previsioni. Se i dati sono sufficientemente granulari, possono consentire il <b>riconoscimento delle persone</b>, il che significa che i dati personali sono coinvolti fin dall'inizio. Questo accumulo di dati rilevanti è un fattore chiave per i problemi legati all'IA, poiché viene spesso utilizzato per la creazione di <em>profili di personalità o per servizi individualizzati.</em>"
"components/c-402/_items/1/tabTitle/","Sviluppo del modello e rischi"
"components/c-402/_items/1/title/","Fase 2: Sviluppo del modello di IA e fughe di dati"
"components/c-402/_items/1/body/","Durante la fase di sviluppo, i modelli di IA vengono creati dai dati di addestramento raccolti. Anche dopo che un modello è stato addestrato, potrebbe inavvertitamente '<b>perdere</b>' alcuni dei dati personali su cui è stato addestrato, attraverso metodi come l'<em>inversione del modello o gli attacchi di inferenza di appartenenza</em>. Ciò significa che il modello addestrato stesso può contenere informazioni personali, e la sua divulgazione o trasferimento a terzi è considerata '<b>trattamento</b>' ai sensi del GDPR, indipendentemente dal fatto che i dati originali fossero grezzi o pseudonimizzati."
"components/c-402/_items/2/tabTitle/","Applicazione"
"components/c-402/_items/2/title/","Fase 3: Applicazioni dell'IA"
"components/c-402/_items/2/body/","L'ultima fase prevede la distribuzione del modello di IA addestrato per effettuare previsioni e decisioni reali. Questa <b>'fase di inferenza'</b> elabora i dati personali per derivare nuove informazioni, ad esempio una banca che utilizza un'IA per prevedere il rischio di inadempienza dei prestiti. Questa applicazione dell'IA ai dati personali costituisce un '<b>ulteriore trattamento</b>' e deve essere conforme ai principi del GDPR, poiché riguarda direttamente gli individui attraverso <em>decisioni e raccomandazioni automatizzate</em>."
"components/c-403/title/","Punti di attrito tra IA e GDPR"
"components/c-403/displayTitle/","Punti di attrito tra IA e GDPR"
"components/c-403/body/","Quando le aziende utilizzano l'Intelligenza Artificiale, spesso si basa sulle tue informazioni personali. Mentre il GDPR mira a proteggerti, le caratteristiche uniche dell'IA possono creare sfide specifiche per le persone che interagiscono con questi sistemi all'interno di un'azienda."
"components/c-403/instruction/","Clicca sui campi qui sotto per saperne di più."
"components/c-403/_items/0/title/","Limitazione della finalità"
"components/c-403/_items/0/body/","I sistemi di IA spesso utilizzano le tue informazioni in un modo che <b>non era originariamente spiegato o concordato.</b>"
"components/c-403/_items/1/title/","Trasparenza"
"components/c-403/_items/1/body/","Le decisioni prese dall'IA possono essere difficili da capire. È difficile per un'azienda spiegare <em>perché</em> un'IA è giunta a una certa conclusione su di te, il che rende difficile sapere come vengono prese le sue decisioni."
"components/c-403/_items/2/title/","Minimizzazione dei dati e limitazione della conservazione"
"components/c-403/_items/2/body/","L'IA vive di grandi quantità di dati, il che spesso significa che <b>vengono raccolte più informazioni di quelle strettamente necessarie.</b> Questo rende anche difficile sapere quando o se i tuoi dati verranno mai cancellati."
"components/c-403/_items/3/title/","Accuratezza"
"components/c-403/_items/3/body/","I dati devono essere accurati e aggiornati. La <b>natura 'black-box'</b> dell'IA, tuttavia, rende difficile rilevare e correggere informazioni imprecise. Una sfumatura importante è che, mentre i dati di input devono essere accurati, gli output dell'IA sono spesso <b>previsioni probabilistiche</b>, il che complica l'applicazione di questo principio."
"components/c-404/title/","Raccomandazioni importanti"
"components/c-404/displayTitle/","Linee guida per la gestione dei dati personali"
"components/c-404/body/","Come utente finale, le tue azioni possono influenzare significativamente la protezione dei dati all'interno dei sistemi di IA aziendali."
"components/c-404/instruction/","Esplora queste raccomandazioni per capire come puoi proteggere i dati personali."
"components/c-404/_items/0/front/","Nessun dato personale senza consenso"
"components/c-404/_items/0/back/body/","<b>Non inserire mai dati personali di altri</b> in un sistema di IA senza una base giuridica chiara ed esplicita, come il loro <em>consenso specifico e informato.</em>"
"components/c-404/_items/1/front/","Anonimizzare i dati"
"components/c-404/_items/1/back/body/","Se il tuo ruolo comporta la gestione o l'inserimento di dati che contribuiscono ai sistemi di IA, <b>dai priorità all'uso di tecniche di anonimizzazione o pseudonimizzazione</b> per rimuovere o oscurare gli identificatori personali."
"components/c-404/_items/2/front/","Rivedere il tuo consenso"
"components/c-404/_items/2/back/body/","Come individuo che fornisce i propri dati, <b>esamina attentamente le richieste di consenso,</b> in particolare se sono vaghe, implicite o presentate come opt-out predefinito. Il GDPR richiede che il consenso sia <b>'libero, specifico, informato e inequivocabile'</b>."
"components/c-405/title/","Quiz: Definizioni GDPR"
"components/c-405/displayTitle/","Metti alla prova le tue conoscenze: Terminologia GDPR"
"components/c-405/body/","Secondo le 'Definizioni GDPR' sopra, quale tipo di informazioni è classificato come 'Dati personali'?"
"components/c-405/instruction/","Seleziona un'opzione che si applica, quindi clicca su Invia."
"components/c-405/ariaQuestion/","Cosa è classificato come 'Dati personali' secondo le definizioni GDPR?"
"components/c-405/_items/0/text/","Tutte le informazioni sulla performance finanziaria di un'azienda."
"components/c-405/_items/0/altText/","Opzione: Dati finanziari dell'azienda."
"components/c-405/_items/1/text/","Informazioni che sono state completamente anonimizzate e non possono essere associate a nessuna persona."
"components/c-405/_items/1/altText/","Opzione: Dati completamente anonimizzati."
"components/c-405/_items/2/text/","Tutte le informazioni che possono identificare una persona vivente direttamente o indirettamente."
"components/c-405/_items/2/altText/","Opzione: Informazioni identificabili di persone viventi."
"components/c-405/_items/3/text/","Dati che si riferiscono solo alla cronologia di navigazione online di una persona."
"components/c-405/_items/3/altText/","Opzione: Dati della cronologia di navigazione online."
"components/c-405/_feedback/title/","Spiegazione della definizione di dati personali"
"components/c-405/_feedback/correct/","Esatto! La sezione 'Definizioni importanti del GDPR' afferma chiaramente che i dati personali si riferiscono a 'tutte le informazioni che possono identificare una persona vivente direttamente o indirettamente'. Questo è un concetto fondamentale del GDPR."
"components/c-405/_feedback/_incorrect/notFinal/","Non del tutto. Rivedi il campo 'Dati personali' nella sezione 'Definizioni importanti del GDPR'. Considera cosa rende le informazioni veramente 'personali' nel contesto del GDPR."
"components/c-405/_feedback/_incorrect/final/","La risposta corretta è: Tutte le informazioni che possono identificare una persona vivente direttamente o indirettamente. Questa ampia definizione assicura che vari tipi di dati, anche se non immediatamente ovvi, siano protetti dal GDPR se possono essere collegati a una persona."
"components/c-405/_feedback/_partlyCorrect/notFinal/","Questa domanda ha solo una risposta corretta. Si prega di controllare la propria scelta in base al contenuto."
"components/c-405/_feedback/_partlyCorrect/final/","Questa domanda ha solo una risposta corretta. La risposta corretta è che i dati personali includono tutte le informazioni che possono identificare una persona vivente direttamente o indirettamente."
"components/c-405/_buttons/_submit/buttonText/","Invia"
"components/c-405/_buttons/_submit/ariaLabel/","Seleziona qui per inviare la tua risposta."
"components/c-405/_buttons/_reset/buttonText/","Reimposta"
"components/c-405/_buttons/_reset/ariaLabel/","Seleziona qui per reimpostare la tua risposta."
"components/c-405/_buttons/_showCorrectAnswer/buttonText/","Mostra risposta corretta"
"components/c-405/_buttons/_showCorrectAnswer/ariaLabel/","Seleziona qui per mostrare la risposta corretta."
"components/c-405/_buttons/_hideCorrectAnswer/buttonText/","Mostra la mia risposta"
"components/c-405/_buttons/_hideCorrectAnswer/ariaLabel/","Seleziona qui per mostrare la tua risposta."
"components/c-405/_buttons/_showFeedback/buttonText/","Mostra feedback"
"components/c-405/_buttons/_showFeedback/ariaLabel/","Seleziona qui per mostrare il feedback."
"components/c-405/_buttons/remainingAttemptsText/","Tentativi rimanenti"
"components/c-405/_buttons/remainingAttemptText/","ultimo tentativo"
"components/c-406/body/","Fonti: <br> <br> Paal, Boris P. (2022): Artificial Intelligence as a Challenge for Data Protection Law And Vice Versa. In: The Cambridge Handbook of Responsible Artificial Intelligence, <a href=""https://doi.org/10.1017/9781009207898.023"" target=""_blank"">https://doi.org/10.1017/9781009207898.023</a> <br> <br> Dewitte, Pierre (2025): AI Meets the GDPR. In: Smuha, N. A. (editor) (2025): The Cambridge Handbook of the Law, Ethics and Policy of Artificial Intelligence. DOI: <a href=""https://doi.org/10.1017/9781009367783.010"" target=""_blank"">https://doi.org/10.1017/9781009367783.010</a>"
"components/c-501/title/","Introduzione al Regolamento UE sull'IA"
"components/c-501/displayTitle/","Conosci il Regolamento UE sull'IA"
"components/c-501/body/","Prima di iniziare con i requisiti normativi più importanti, vorremmo darti una breve introduzione al Regolamento UE sull'IA (EU AI Act)."
"components/c-501/instruction/","Clicca sui campi qui sotto per esplorare le domande fondamentali sul Regolamento UE sull'IA."
"components/c-501/_items/0/front/","Perché regolare l'IA?"
"components/c-501/_items/0/back/body/","Il Regolamento UE sull'IA mira a garantire che lo sviluppo e l'uso dell'IA siano sicuri e affidabili e rispettino i diritti fondamentali. Cerca di bilanciare l'innovazione con la protezione dei cittadini e di costruire fiducia nell'IA."
"components/c-501/_items/1/front/","Cosa viene regolamentato?"
"components/c-501/_items/1/back/body/","Qualsiasi sistema basato su macchine immesso sul mercato dell'UE che opera con diversi gradi di autonomia e potenziale adattabilità, che deriva da input per generare output virtuali o fisici (previsioni, contenuti, raccomandazioni o decisioni)."
"components/c-501/_items/2/front/","Chi è interessato?"
"components/c-501/_items/2/back/body/","Il Regolamento UE sull'IA riguarda una varietà di entità e individui, ognuno con ruoli e responsabilità specifici per garantire la conformità e la responsabilità. Discuteremo i ruoli in dettaglio in seguito."
"components/c-502/title/","Il Regolamento UE sull'IA: Tappe importanti"
"components/c-502/displayTitle/","La tempistica del Regolamento sull'IA"
"components/c-502/body/","Ora che abbiamo chiarito il perché, il cosa e il chi, rimane la domanda: 'Quando?'"
"components/c-502/instruction/","Scorri o clicca per visualizzare la tempistica delle tappe più importanti."
"components/c-502/_items/0/title/","Febbraio 2025"
"components/c-502/_items/0/body/","Le regole più severe entrano in vigore e vietano determinati sistemi di IA con rischi inaccettabili, come il social scoring da parte delle autorità e l'identificazione biometrica remota in tempo reale in luoghi pubblici."
"components/c-502/_items/1/title/","Agosto 2025"
"components/c-502/_items/1/body/","Le regole per i modelli di IA per scopi generali (GPAI), che sono sistemi di IA ampi come i grandi modelli linguistici, diventano attive. Inoltre, gli Stati membri devono aver istituito le loro autorità nazionali per l'applicazione del regolamento e aver stabilito sanzioni per la non conformità."
"components/c-502/_items/2/title/","Agosto 2026"
"components/c-502/_items/2/body/","La maggior parte delle disposizioni del Regolamento sull'IA inizia ad applicarsi. Ciò include i requisiti per i sistemi di IA ad alto rischio."
"components/c-502/_items/3/title/","Agosto 2027"
"components/c-502/_items/3/body/","Obblighi specifici per tutti i nuovi sistemi di IA ad alto rischio (come quelli utilizzati in infrastrutture critiche o dispositivi medici) entrano pienamente in vigore. Anche i fornitori di modelli GPAI introdotti prima di agosto 2025 devono essere pienamente conformi entro questa data."
"components/c-503/title/","Diritto d'autore e IA"
"components/c-503/displayTitle/","Quali sono i requisiti normativi?"
"components/c-503/body/","Come accennato in precedenza, l'IA riguarda una vasta gamma di persone e autorità. Le responsabilità normative dipendono da due domande principali:"
"components/c-503/_items/0/title/","Qual è il tuo ruolo?"
"components/c-503/_items/1/title/","Qual è il rischio del sistema di IA?"
"components/c-505/title/","Ruoli chiave nell'ecosistema del Regolamento UE sull'IA"
"components/c-505/displayTitle/","Conosci il tuo ruolo"
"components/c-505/body/","L'articolo 3 (2-8) del Regolamento sull'IA definisce diversi ruoli chiave, ognuno con responsabilità specifiche in relazione ai sistemi di IA e ai modelli di IA per scopi generali. Comprendere questi ruoli è cruciale per la conformità alle normative."
"components/c-505/instruction/","Clicca su ogni campo per saperne di più su ogni ruolo chiave."
"components/c-505/_items/0/front/","Fornitore"
"components/c-505/_items/0/back/body/","Questa è l'azienda o la persona che <b>crea</b> (o fa creare) un sistema di IA o un modello di IA per scopi generali e lo <b>vende o lo rende disponibile</b> sotto il proprio nome, sia a pagamento che gratuitamente."
"components/c-505/_items/1/front/","Utente"
"components/c-505/_items/1/back/body/","Questa è qualsiasi persona (un individuo, un'azienda o un'autorità governativa) che <b>utilizza</b> un sistema di IA per le proprie operazioni o servizi. Ciò <i>non include le persone</i> che utilizzano l'IA esclusivamente per attività personali."
"components/c-505/_items/2/front/","Distributore e Importatore"
"components/c-505/_items/2/back/body/","Un <b>distributore</b> è un'azienda o una persona nella catena di approvvigionamento (come un rivenditore) che offre un sistema di IA in vendita nell'UE, ma non è il produttore originale. Se il sistema viene introdotto da fuori dell'UE, l'azienda o la persona agisce come <b>importatore</b>."
"components/c-506/title/","Pubblico di riferimento"
"components/c-506/body/","Per mantenere lo status di utente, evita di rinominare il sistema di IA che intendi utilizzare. Inoltre, assicurati di utilizzare il sistema solo per lo scopo originariamente previsto. Se non sei sicuro del tuo ruolo, utilizza il EU AI Act Compliance Checker, collegato nelle fonti alla fine di questa lezione."
"components/c-507/_graphic/attribution/","<a href=""https://unsplash.com/photos/traffic-light-in-red-IqB5MPcQp6k"" target=""_blank"" style=""color: white;"">Erwan Hesry su www.unsplash.com</a>"
"components/c-508/title/","Esempi di usi proibiti"
"components/c-508/_items/0/title/","Manipolazione dannosa"
"components/c-508/_items/0/body/","Sistemi di IA che utilizzano <b>tecniche subliminali, manipolative o ingannevoli</b> con l'obiettivo o l'effetto di <b>distorcere il comportamento</b>, che causano o sono suscettibili di causare <b>danni significativi</b>."
"components/c-508/_items/0/instruction/","Avanti »"
"components/c-508/_items/1/title/","Sfruttamento delle vulnerabilità"
"components/c-508/_items/1/body/","Sistemi di IA che <b>sfruttano le vulnerabilità</b> in relazione a <b>età, disabilità o situazioni sociali/economiche specifiche</b>, con l'obiettivo o l'effetto di <b>distorcere il comportamento</b>, che causano o sono suscettibili di causare <b>danni significativi</b>."
"components/c-508/_items/1/instruction/","Avanti »"
"components/c-508/_items/2/title/","Social Scoring"
"components/c-508/_items/2/body/","Sistemi che <b>valutano o classificano le persone in base al loro comportamento sociale</b>, portando a un <b>trattamento sfavorevole o svantaggioso</b> in contesti sociali non correlati alla raccolta dati originale, o che è <b>ingiustificato o sproporzionato</b>."
"components/c-508/_items/2/instruction/","Avanti »"
"components/c-508/_items/3/title/","Polizia predittiva"
"components/c-508/_items/3/body/","Sistemi di IA progettati per <b>prevedere il rischio di una persona</b> di commettere un <b>reato</b>."
"components/c-508/_items/3/instruction/","Avanti »"
"components/c-508/_items/4/title/","Scraping non mirato per il riconoscimento facciale"
"components/c-508/_items/4/body/","<b>Scraping non mirato</b> di Internet o di filmati CCTV allo scopo di <b>creare o espandere database di riconoscimento facciale</b>."
"components/c-508/_items/4/instruction/","Avanti »"
"components/c-508/_items/5/title/","Riconoscimento delle emozioni in contesti specifici"
"components/c-508/_items/5/body/","Sistemi di IA utilizzati per la <b>derivazione delle emozioni</b> in <b>luoghi di lavoro e istituzioni educative</b>."
"components/c-508/_items/5/instruction/","Avanti »"
"components/c-508/_items/6/title/","Categorizzazione biometrica di caratteristiche protette"
"components/c-508/_items/6/body/","<b>Categorizzazione biometrica</b> utilizzata per <b>derivare determinate caratteristiche protette</b> (ad esempio, opinioni politiche, orientamento sessuale, razza, convinzioni religiose)."
"components/c-508/_items/6/instruction/","Avanti »"
"components/c-508/_items/7/title/","Identificazione biometrica remota in tempo reale"
"components/c-508/_items/7/body/","<b>Identificazione biometrica remota in tempo reale</b> per <b>scopi di applicazione della legge</b> in <b>spazi accessibili al pubblico</b> (con eccezioni limitate e rigorose per reati gravi)."
"components/c-508/_items/7/instruction/","Completato ✔"
"components/c-509/_graphic/attribution/","Generato con Google Imagen 4"
"components/c-510/title/","Esempi di sistemi ad alto rischio"
"components/c-510/_items/0/title/","Componenti di sicurezza dei prodotti"
"components/c-510/_items/0/body/","Sistemi di IA utilizzati come <b>componenti di sicurezza nei prodotti</b> che sono già soggetti a <b>normative di sicurezza dell'UE</b> (ad esempio, dispositivi medici, aviazione, automobili)."
"components/c-510/_items/0/instruction/","Avanti »"
"components/c-510/_items/1/title/","Sistemi di identificazione biometrica"
"components/c-510/_items/1/body/","IA utilizzata per l'<b>identificazione biometrica remota</b> di persone fisiche (escluso l'uso in tempo reale da parte delle forze dell'ordine in pubblico, che è <b>generalmente proibito</b>)."
"components/c-510/_items/1/instruction/","Avanti »"
"components/c-510/_items/2/title/","Gestione delle infrastrutture critiche"
"components/c-510/_items/2/body/","Sistemi di IA che fungono da <b>componenti di sicurezza</b> nella <b>gestione di servizi essenziali</b> come acqua, gas, elettricità o controllo del traffico."
"components/c-510/_items/2/instruction/","Avanti »"
"components/c-510/_items/3/title/","Istruzione e formazione professionale"
"components/c-510/_items/3/body/","IA utilizzata per la <b>determinazione dell'accesso</b> alle istituzioni educative, per l'<b>assegnazione di persone</b> o per la <b>valutazione dei risultati dell'apprendimento</b> (ad esempio, valutazione degli esami)."
"components/c-510/_items/3/instruction/","Avanti »"
"components/c-510/_items/4/title/","Occupazione e gestione del personale"
"components/c-510/_items/4/body/","Sistemi di IA utilizzati per il <b>reclutamento, la selezione dei candidati, la valutazione</b> dei candidati, l'<b>assegnazione dei compiti, il monitoraggio o la valutazione delle prestazioni</b> dei dipendenti."
"components/c-510/_items/4/instruction/","Avanti »"
"components/c-510/_items/5/title/","Accesso ai servizi essenziali"
"components/c-510/_items/5/body/","IA utilizzata per la <b>valutazione dell'affidabilità creditizia</b>, per l'<b>invio di servizi di emergenza</b> o per la <b>valutazione dell'idoneità ai benefici sociali pubblici</b> (ad esempio, assistenza sociale, assistenza sanitaria)."
"components/c-510/_items/5/instruction/","Avanti »"
"components/c-510/_items/6/title/","Applicazioni delle forze dell'ordine"
"components/c-510/_items/6/body/","Sistemi di IA utilizzati dalle forze dell'ordine per scopi come la <b>valutazione del rischio criminale</b>, i <b>rilevatori di bugie</b> o la <b>valutazione dell'affidabilità delle prove</b>."
"components/c-510/_items/6/instruction/","Avanti »"
"components/c-510/_items/7/title/","Migrazione, asilo e controllo delle frontiere"
"components/c-510/_items/7/body/","Sistemi di IA utilizzati per la <b>valutazione dell'idoneità all'asilo, ai visti o ai permessi di soggiorno</b> o per la <b>verifica dell'autenticità dei documenti di viaggio</b>."
"components/c-510/_items/7/instruction/","Avanti »"
"components/c-510/_items/8/title/","Amministrazione della giustizia e democrazia"
"components/c-510/_items/8/body/","Sistemi di IA destinati a <b>supportare le autorità giudiziarie</b> o a influenzare il <b>risultato delle elezioni</b> o dei referendum."
"components/c-510/_items/8/instruction/","Completato ✔"
"components/c-511/title/","Requisiti legali per i sistemi ad alto rischio"
"components/c-511/displayTitle/","Requisiti legali per i sistemi ad alto rischio"
"components/c-511/body/","Prima di implementare un sistema ad alto rischio, ad esempio una revisione automatizzata dei curriculum nel reclutamento, assicurati di soddisfare i seguenti requisiti legali."
"components/c-511/instruction/","Seleziona le intestazioni per saperne di più."
"components/c-511/_items/0/title/","Governance e gestione dei dati"
"components/c-511/_items/0/body/","Gli utenti devono assicurarsi che il sistema di IA sia utilizzato secondo le istruzioni. Se controllano i dati di input, questi devono essere <strong>rilevanti e sufficientemente rappresentativi</strong> per lo scopo previsto del sistema. Devono essere eseguite <strong>valutazioni d'impatto sulla protezione dei dati (DPIA)</strong> applicabili, ed è richiesta una <strong>registrazione nel database dell'UE</strong>, se specificato."
"components/c-511/_items/1/title/","Trasparenza e notifica"
"components/c-511/_items/1/body/","Prima dell'uso o della messa in servizio di sistemi di IA ad alto rischio sul posto di lavoro, gli utenti devono <strong>informare i lavoratori interessati e i loro rappresentanti</strong>. Inoltre, le persone fisiche devono essere <strong>informate sull'uso dell'IA ad alto rischio nelle decisioni</strong> a cui sono soggette."
"components/c-511/_items/2/title/","Gestione del rischio e supervisione umana"
"components/c-511/_items/2/body/","Gli utenti sono obbligati a <strong>monitorare il sistema di IA ad alto rischio</strong> e il rischio che ne deriva. Devono <strong>informare immediatamente il fornitore, il distributore e l'autorità di vigilanza del mercato competente</strong> se l'uso potrebbe comportare un rischio per la salute e la sicurezza o i diritti fondamentali, e <strong>sospendere l'uso del sistema in tali casi</strong>. La <strong>supervisione umana</strong> deve essere garantita da persone con la formazione e il supporto necessari. Gli utenti devono inoltre conservare <strong>registri generati automaticamente</strong> dell'uso del sistema (se sotto il loro controllo) per almeno sei mesi e <strong>collaborare con le autorità competenti pertinenti</strong>."
"components/c-511/_items/3/title/","Diritto alla spiegazione"
"components/c-511/_items/3/body/","Su richiesta di una persona, gli utenti devono fornire una <strong>spiegazione dettagliata del ruolo dell'IA</strong> in qualsiasi processo decisionale che abbia un <strong>effetto legale o simile significativo</strong> su tale persona, in particolare se ha un <strong>effetto negativo sulla sua salute e sicurezza o sui diritti fondamentali</strong>. La spiegazione deve anche esporre gli elementi principali della decisione."
"components/c-513/title/","Categorizzare le pratiche di IA sul posto di lavoro"
"components/c-513/displayTitle/","Metti alla prova le tue conoscenze: Classificazione del rischio"
"components/c-513/body/","Seleziona la categoria di rischio corretta dal menu a discesa per ogni pratica di IA, in base agli scenari tipici aziendali e sul posto di lavoro."
"components/c-513/instruction/","Seleziona un'opzione da ogni elenco a discesa e clicca su Invia."
"components/c-513/ariaQuestion/","Seleziona la categoria di rischio per ogni pratica di IA."
"components/c-513/placeholder/","Seleziona categoria..."
"components/c-513/_items/0/text/","Utilizzo di uno strumento di IA per analizzare i feed video dei dipendenti e segnalare il loro stato emotivo durante le riunioni interne."
"components/c-513/_items/0/_options/0/text/","Pratica di IA proibita"
"components/c-513/_items/0/_options/1/text/","Pratica di IA ad alto rischio"
"components/c-513/_items/1/text/","Implementazione di una piattaforma basata su IA per la revisione automatica delle domande di lavoro e la classificazione dei candidati per i colloqui in base alle loro competenze ed esperienze."
"components/c-513/_items/1/_options/0/text/","Pratica di IA proibita"
"components/c-513/_items/1/_options/1/text/","Pratica di IA ad alto rischio"
"components/c-513/_items/2/text/","Scansione automatica dei post sui social media personali dei dipendenti per creare un 'punteggio comportamentale' che influenzi promozioni o azioni disciplinari all'interno dell'azienda."
"components/c-513/_items/2/_options/0/text/","Pratica di IA proibita"
"components/c-513/_items/2/_options/1/text/","Pratica di IA ad alto rischio"
"components/c-513/_feedback/title/","Classificazione del rischio spiegata"
"components/c-513/_feedback/correct/","Eccellente! Hai classificato correttamente queste pratiche di IA in base ai loro livelli di rischio ai sensi del Regolamento UE sull'IA nel contesto aziendale/lavorativo. Questa comprensione è cruciale per la conformità alle normative."
"components/c-513/_feedback/_incorrect/notFinal/","Non del tutto. Rivedi le sezioni 'Applicazioni proibite' ed 'Esempi di sistemi ad alto rischio' e presta molta attenzione a come queste si applicano ad azioni specifiche sul posto di lavoro."
"components/c-513/_feedback/_incorrect/final/","Rivediamo le classificazioni corrette per le pratiche di IA: le 'Pratiche di IA proibite' sono quelle che presentano un rischio inaccettabile per i diritti fondamentali, come l'uso dell'IA per derivare le emozioni dei dipendenti o per creare punteggi comportamentali dai social media. Le 'Pratiche di IA ad alto rischio' sono quelle che comportano rischi significativi ma non sono del tutto proibite, come l'uso dell'IA nel reclutamento o nella valutazione delle prestazioni dei dipendenti."
"components/c-513/_feedback/_partlyCorrect/notFinal/","Hai identificato alcune delle categorie correttamente, ma non tutte. Rivedi le sezioni pertinenti per quelle che hai perso."
"components/c-513/_feedback/_partlyCorrect/final/","Hai identificato alcune delle categorie correttamente, ma non tutte. Rivedi le sezioni pertinenti per quelle che hai perso. Le 'Pratiche di IA proibite' sono quelle che presentano un rischio inaccettabile per i diritti fondamentali. Le 'Pratiche di IA ad alto rischio' sono quelle che comportano rischi significativi ma non sono del tutto proibite."
"components/c-513/_buttons/_submit/buttonText/","Invia"
"components/c-513/_buttons/_submit/ariaLabel/","Seleziona qui per inviare la tua risposta."
"components/c-513/_buttons/_reset/buttonText/","Reimposta"
"components/c-513/_buttons/_reset/ariaLabel/","Seleziona qui per reimpostare la tua risposta."
"components/c-513/_buttons/_showCorrectAnswer/buttonText/","Mostra risposta corretta"
"components/c-513/_buttons/_showCorrectAnswer/ariaLabel/","Seleziona qui per mostrare la risposta corretta."
"components/c-513/_buttons/_hideCorrectAnswer/buttonText/","Mostra la mia risposta"
"components/c-513/_buttons/_hideCorrectAnswer/ariaLabel/","Seleziona qui per mostrare la tua risposta."
"components/c-513/_buttons/_showFeedback/buttonText/","Mostra feedback"
"components/c-513/_buttons/_showFeedback/ariaLabel/","Seleziona qui per mostrare il feedback."
"components/c-513/_buttons/remainingAttemptsText/","Tentativi rimanenti"
"components/c-513/_buttons/remainingAttemptText/","ultimo tentativo"
"components/c-514/title/","Quiz: Comprendere i ruoli del Regolamento UE sull'IA"
"components/c-514/displayTitle/","Metti alla prova le tue conoscenze: Chi è chi?"
"components/c-514/body/","L'azienda X, un'azienda con sede nell'UE, integra uno strumento basato sull'IA per l'analisi del sentiment dei clienti, sviluppato da un fornitore terzo, nelle sue operazioni interne di assistenza clienti per comprendere meglio il feedback dei clienti."
"components/c-514/instruction/","Seleziona l'opzione che descrive meglio il ruolo primario dell'azienda X."
"components/c-514/ariaQuestion/","Quale ruolo primario assume l'azienda X utilizzando questo strumento di IA?"
"components/c-514/_items/0/text/","Fornitore"
"components/c-514/_items/0/altText/","Opzione: Ruolo del fornitore."
"components/c-514/_items/1/text/","Utente"
"components/c-514/_items/1/altText/","Opzione: Ruolo dell'utente."
"components/c-514/_items/2/text/","Distributore"
"components/c-514/_items/2/altText/","Opzione: Ruolo del distributore."
"components/c-514/_items/3/text/","Importatore"
"components/c-514/_items/3/altText/","Opzione: Ruolo dell'importatore."
"components/c-514/_feedback/title/","Comprendere i ruoli nel Regolamento UE sull'IA"
"components/c-514/_feedback/correct/","Esatto! L'azienda X agisce come utente, poiché utilizza il sistema di IA per le proprie operazioni e servizi, anziché crearlo, venderlo o importarlo per la distribuzione commerciale."
"components/c-514/_feedback/_incorrect/notFinal/","Non del tutto. Rivedi la sezione 'Ruoli chiave nell'ecosistema del Regolamento UE sull'IA'. Considera se l'azienda X crea, vende o semplicemente utilizza lo strumento di IA."
"components/c-514/_feedback/_incorrect/final/","La risposta corretta è Utente. Un fornitore crea o rende disponibile un sistema di IA sotto il proprio nome. Un distributore offre un sistema di IA in vendita senza essere il produttore originale. Un importatore introduce un sistema da fuori dell'UE per la vendita all'interno dell'UE. L'azienda X utilizza semplicemente lo strumento di IA per i propri scopi aziendali interni, il che definisce il ruolo dell'utente."
"components/c-514/_feedback/_partlyCorrect/notFinal/","Questa domanda ha solo una risposta corretta. Si prega di controllare la propria scelta in base al contenuto."
"components/c-514/_feedback/_partlyCorrect/final/","Questa domanda ha solo una risposta corretta. La risposta corretta è Utente, poiché l'azienda X utilizza il sistema di IA per le proprie operazioni."
"components/c-515/body/","Fonti: <br> <br> High-level summary of the EU AI Act, last accessed on 29.06.2025, URL:  <a href=""https://artificialintelligenceact.eu/high-level-summary/"" target=""_blank"">https://artificialintelligenceact.eu/high-level-summary/</a> <br> <br> EU AI Act Compliance Checker, last accessed on 29.06.2025, URL:  <a href=""https://artificialintelligenceact.eu/assessment/eu-ai-act-compliance-checker/"" target=""_blank"">https://artificialintelligenceact.eu/assessment/eu-ai-act-compliance-checker/</a> <br> <br> The AI Act Explorer, last accessed on 29.06.2025, URL:  <a href=""https://artificialintelligenceact.eu/ai-act-explorer/"" target=""_blank"">https://artificialintelligenceact.eu/ai-act-explorer/</a>"
