"components/c-100/title/","Czy rozpoznajesz Matterhorn wygenerowany przez AI?"
"components/c-100/displayTitle/","Czy rozpoznajesz Matterhorn wygenerowany przez AI?"
"components/c-100/body/","Zacznijmy od małego wyzwania. Jedno z tych zdjęć zostało stworzone za pomocą modelu generowania obrazów Google Imagen 4, aktualnego przykładu generatywnych modeli AI. Drugie to fotografia wykonana przez człowieka. Czy potrafisz rozpoznać, które to które?"
"components/c-100/instruction/","Wybierz obraz, który Twoim zdaniem został wygenerowany przez AI. Nie martw się, <strong> nie będziesz (jeszcze) oceniany </strong>."
"components/c-100/ariaQuestion/","Które z nich to Matterhorn?"
"components/c-100/_items/0/altText/","Matterhorn 1"
"components/c-100/_items/0/_graphic/alt/","Matterhorn 2"
"components/c-100/_items/1/altText/","Matterhorn 2"
"components/c-100/_items/1/_graphic/alt/","Matterhorn 2"
"components/c-100/_feedback/title/","Informacja zwrotna"
"components/c-100/_feedback/correct/","<strong> Zgadza się! </strong> Gratulacje, zidentyfikowałeś Matterhorn wygenerowany przez AI! Ten obraz został wygenerowany za pomocą Google Imagen 4, podczas gdy drugi to prawdziwe zdjęcie z <a href=""https://www.pexels.com/photo/white-mountain-under-gray-sky-267104/"" target=""_blank"">www.pexels.com</a>."
"components/c-100/_feedback/_incorrect/notFinal/","To nie do końca prawda. Spróbuj jeszcze raz!"
"components/c-100/_feedback/_incorrect/final/","<strong>To jest błędne </strong>. Wygląda na to, że model Cię oszukał, a wybrany przez Ciebie obraz to prawdziwa fotografia pochodząca z pexels.com (bez osobistych zasług). Ale muszę przyznać, że było to dość trudne ze względu na mały rozmiar zdjęć."
"components/c-100/_buttons/_submit/buttonText/","Wyślij"
"components/c-100/_buttons/_submit/ariaLabel/","Wybierz tutaj, aby wysłać swoją odpowiedź."
"components/c-100/_buttons/_reset/buttonText/","Resetuj"
"components/c-100/_buttons/_showCorrectAnswer/buttonText/","Poprawna odpowiedź"
"components/c-100/_buttons/_hideCorrectAnswer/buttonText/","Moja odpowiedź"
"components/c-100/_buttons/_showFeedback/buttonText/","Pokaż informację zwrotną"
"components/c-100/_buttons/remainingAttemptsText/","Pozostałe próby"
"components/c-100/_buttons/remainingAttemptText/","ostatnia próba"
"components/c-101/displayTitle/","Test Turinga: Wczesny test IQ dla komputerów"
"components/c-101/body/","Opracowany przez <a href=""https://de.wikipedia.org/wiki/Alan_Turing"" target=""_blank"">Alana Turinga (1912-1954)</a>, brytyjskiego matematyka i ojca informatyki."
"components/c-101/instruction/","Przewiń dialog, aby dowiedzieć się więcej."
"components/c-101/_characters/0/_graphic/alt/","Awatar użytkownika"
"components/c-101/_characters/1/name/","Alan"
"components/c-101/_characters/1/_graphic/alt/","Portret Alana Turinga"
"components/c-101/_items/0/text/","Więc, Alanie, właśnie próbowaliśmy rozróżnić prawdziwe zdjęcie od wygenerowanego przez AI. Co to ma wspólnego z inteligencją?"
"components/c-101/_items/1/text/","To doskonałe pytanie! Trafia w sedno tego, o co Turing pytał w 1950 roku: Czy maszyna może być tak dobra w <em>naśladowaniu</em> ludzkiej inteligencji, że nie będziemy w stanie dostrzec różnicy?"
"components/c-101/_items/2/text/","Więc opracował do tego test?"
"components/c-101/_items/3/text/","Tak, dziś jest znany jako Test Turinga. Podstawowa idea jest następująca: jeśli komputer potrafi prowadzić dialog z człowiekiem, nie będąc rozpoznanym jako komputer, możemy powiedzieć, że posiada pewien poziom inteligencji."
"components/c-101/_items/4/text/","Więc zamiast obrazów chodzi o konwersację?"
"components/c-101/_items/5/text/","Tak, w Twoim teście obrazkowym byłeś sędzią i próbowałeś zdecydować, czy <em>wynik</em> (obraz) został stworzony przez ludzi czy maszyny. Test Turinga po prostu rozszerza tę ideę na <em>konwersację</em>. Czy komputer może tworzyć <em>wyniki konwersacyjne</em>, które są nie do odróżnienia od tych stworzonych przez człowieka?"
"components/c-101/_items/6/text/","Ok, chyba rozumiem. Celem jest więc stworzenie komputera, który potrafi przekonująco <em>naśladować</em> ludzką inteligencję?"
"components/c-101/_items/7/text/","Dokładnie! I im bardziej zaawansowana staje się AI, tym trudniej jest identyfikować obrazy, teksty i filmy generowane przez AI. Oczywiście wiesz, że ta rozmowa jest wstępnie zaprogramowana, ale nowe modele, takie jak ChatGPT, są tak przekonujące, że z łatwością przechodzą Test Turinga."
"components/c-101/_items/8/text/","Dziękuję!"
"components/c-103/title/","Co to jest AI?"
"components/c-103/body/","Test Turinga jest bardzo pomocną analogią, ale <strong>Sztuczna Inteligencja</strong> to coś więcej niż tylko <strong>naśladowanie ludzi</strong>."
"components/c-103/_items/0/title/","Elastycznie stosowalna do różnych problemów"
"components/c-103/_items/0/body/","W swej istocie AI ma na celu tworzenie maszyn, które potrafią wykonywać zadania typowo wymagające ludzkiej inteligencji. Obejmuje to takie rzeczy jak <strong>rozumienie języka, rozpoznawanie wzorców, rozwiązywanie problemów i podejmowanie decyzji.</strong>"
"components/c-103/_items/1/title/","Uczenie się i rozwój"
"components/c-103/_items/1/body/","Współczesna AI kładzie nacisk na umożliwienie maszynom <strong>uczenia się z danych i doświadczeń</strong>, podobnie jak nasz mózg. Obejmuje to pisanie algorytmów, które pozwalają AI poprawiać swoją wydajność w czasie poprzez kontakt z danymi i informacjami zwrotnymi."
"components/c-103/_items/2/title/","Autonomia"
"components/c-103/_items/2/body/","AI ma na celu tworzenie inteligentnych systemów, które mogą działać z pewnym stopniem <strong>niezależności od ludzi</strong>. Oznacza to, że AI może podejmować decyzje i podejmować działania bez wyraźnych instrukcji dla każdej sytuacji."
"components/c-104/title/","Jak uczą się maszyny?"
"components/c-104/displayTitle/","A jak uczą się maszyny?"
"components/c-104/body/","<strong>Sztuczna Inteligencja</strong> to nadrzędna dziedzina, która ma na celu rozwój inteligentnych maszyn. Jeśli AI potraktujemy jako „mózg”, to <strong>uczenie maszynowe</strong> można uznać za proces, dzięki któremu AI nabywa <strong>niezbędne umiejętności</strong>. Ale jak uczą się maszyny?"
"components/c-104/instruction/","Użyj strzałek poniżej, aby poznać różne rodzaje uczenia maszynowego."
"components/c-104/mobileInstruction/","Wybierz symbol plusa, a następnie następną strzałkę, aby dowiedzieć się więcej."
"components/c-104/_items/0/title/","Uczenie nadzorowane: Uczenie się z nauczycielem"
"components/c-104/_items/0/body/","Uczenie nadzorowane jest jak nauka z nauczycielem lub nauczycielką. Algorytm – AI – otrzymuje przykłady z poprawnymi odpowiedziami, zwane również <strong>danymi etykietowanymi</strong>. <br> <br> Na przykład, mogą mu zostać pokazane tysiące zdjęć jabłek, każde oznaczone jako „jabłko”, oraz zdjęcia bananów, oznaczone jako „banan”. Celem jest, aby AI nauczyła się wzorców, dzięki czemu będzie mogła poprawnie identyfikować jabłka lub banany na nowych, nieznanych zdjęciach. Wczesne filtry spamu są powszechnym przykładem uczenia nadzorowanego."
"components/c-104/_items/0/_graphic/attribution/","Wygenerowano za pomocą Google Imagen 4"
"components/c-104/_items/0/_graphic/alt/","Diagram przedstawiający uczenie nadzorowane z danymi etykietowanymi prowadzącymi do modelu predykcyjnego."
"components/c-104/_items/0/strapline/","Uczenie się z danych etykietowanych"
"components/c-104/_items/1/title/","Uczenie nienadzorowane: Samodzielne znajdowanie wzorców"
"components/c-104/_items/1/body/","Uczenie nienadzorowane jest jak danie systemowi AI dużej skrzyni z pomieszanymi przedmiotami i poproszenie go o ich posortowanie, bez mówienia mu, jak to zrobić. AI sama szuka podobieństw i różnic, aby grupować przedmioty. W tym przypadku przedmioty nie mają etykiet, z których można by wyciągnąć wnioski. <br> <br> System AI mógłby je grupować według koloru, rozmiaru lub kształtu. Jest to używane do odkrywania <strong>ukrytych wzorców lub struktur</strong> w danych, takich jak segmentacja klientów. Rekomendacje na Netflixie lub Spotify są powszechnymi przykładami."
"components/c-104/_items/1/_graphic/attribution/","Wygenerowano za pomocą Google Imagen 4"
"components/c-104/_items/1/_graphic/alt/","Diagram przedstawiający uczenie nienadzorowane w znajdowaniu wzorców w danych nieetykietowanych."
"components/c-104/_items/1/strapline/","Odkrywanie ukrytych struktur"
"components/c-104/_items/2/title/","Głębokie uczenie: Wiele warstw"
"components/c-104/_items/2/body/","Głębokie uczenie to bardziej zaawansowana wersja, która umożliwia bardziej złożone zadania i wyższą wydajność. Wyobraź sobie, że próbujesz nauczyć komputer rozpoznawania kota na zdjęciu. W przypadku zwykłego uczenia maszynowego musiałbyś ręcznie powiedzieć komputerowi, czego ma szukać – spiczastych uszu i wąsów. Głębokie uczenie uczy się tych cech samodzielnie, rozpoznając je w wielu warstwach. <br> <br> <strong>Głębokie uczenie</strong> jest często używane do <strong>rozpoznawania obrazów</strong>. Spójrz na warstwy na obrazie: W pierwszej warstwie sieć może rozpoznawać tylko krawędzie i narożniki. Następna warstwa łączy te krawędzie, aby tworzyć kształty. A następna warstwa łączy kształty, aby rozpoznawać cechy kota. W końcu ostatnia warstwa łączy wszystko i mówi: „To jest kot!”"
"components/c-104/_items/2/_graphic/attribution/","Wygenerowano za pomocą Google Imagen 4"
"components/c-104/_items/2/_graphic/alt/","Diagram przedstawiający głębokie uczenie z kotem."
"components/c-104/_items/2/strapline/","Uczenie się przez wiele warstw."
"components/c-105/title/","Quiz: Typy uczenia się"
"components/c-105/displayTitle/","Sprawdź swoją wiedzę: Typy uczenia się"
"components/c-105/body/","System AI ma za zadanie identyfikować wadliwe produkty na linii produkcyjnej. Jest trenowany na dużym zbiorze danych, w którym każde zdjęcie produktu jest już oznaczone jako „wadliwe” lub „niewadliwe”. Jaki rodzaj uczenia maszynowego jest tutaj używany?"
"components/c-105/instruction/","Wybierz {{#if _isRadio}}jedną opcję{{else}}jedną lub więcej opcji{{/if}}, która jest prawdziwa, a następnie kliknij Wyślij."
"components/c-105/ariaQuestion/","System AI jest trenowany do identyfikowania wadliwych produktów na podstawie zdjęć oznaczonych jako „wadliwe” lub „niewadliwe”. Jaki to typ uczenia maszynowego?"
"components/c-105/_items/0/text/","Uczenie nadzorowane"
"components/c-105/_items/0/altText/","Opcja: Uczenie nadzorowane"
"components/c-105/_items/1/text/","Uczenie nienadzorowane"
"components/c-105/_items/1/altText/","Opcja: Uczenie nienadzorowane"
"components/c-105/_items/2/text/","Głębokie uczenie"
"components/c-105/_items/2/altText/","Opcja: Głębokie uczenie"
"components/c-105/_items/3/text/","Algorytmiczny handel akcjami"
"components/c-105/_items/3/altText/","Opcja: Algorytmiczny handel akcjami"
"components/c-105/_feedback/title/","Wyjaśnienie typów uczenia się"
"components/c-105/_feedback/correct/","Zgadza się! Ten scenariusz opisuje <strong>Uczenie nadzorowane</strong>. AI jest „nadzorowana”, ponieważ uczy się z zestawu danych, w którym każdy przykład (zdjęcie produktu) jest już opatrzony poprawną odpowiedzią lub etykietą („wadliwe” lub „niewadliwe”)."
"components/c-105/_feedback/_incorrect/notFinal/","Nie do końca. Zastanów się, który typ uczenia się obejmuje jawne podawanie poprawnej odpowiedzi dla każdego zestawu danych treningowych."
"components/c-105/_feedback/_incorrect/final/","Poprawna odpowiedź to <strong>Uczenie nadzorowane</strong>. Ta metoda jest używana, gdy masz zestaw danych z znanymi wynikami lub etykietami. Uczenie nienadzorowane byłoby używane, gdyby AI musiała znaleźć wzorce w nieetykietowanych zdjęciach produktów (np. grupować podobne defekty, nie wiedząc, czym są). Uczenie wzmacniające oznaczałoby, że AI wykonuje działania (takie jak klasyfikacja produktu) i otrzymuje nagrody lub kary, aby nauczyć się najlepszej strategii klasyfikacji w czasie. Handel algorytmiczny jest zastosowaniem różnych technik, w tym AI, ale nie jest podstawowym typem uczenia się w tym kontekście."
"components/c-105/_feedback/_partlyCorrect/notFinal/","Ta opcja jest przeznaczona dla pytań z wieloma poprawnymi odpowiedziami, co nie ma tutaj miejsca. Proszę sprawdzić informację zwrotną dla błędnych odpowiedzi."
"components/c-105/_feedback/_partlyCorrect/final/","Ta opcja jest przeznaczona dla pytań z wieloma poprawnymi odpowiedziami, co nie ma tutaj miejsca. Poprawna odpowiedź to <strong>Uczenie nadzorowane</strong>. Ta metoda jest używana, gdy masz zestaw danych z znanymi wynikami lub etykietami."
"components/c-105/_buttons/_submit/buttonText/","Wyślij"
"components/c-105/_buttons/_submit/ariaLabel/","Wybierz tutaj, aby wysłać swoją odpowiedź."
"components/c-105/_buttons/_reset/buttonText/","Resetuj"
"components/c-105/_buttons/_reset/ariaLabel/","Wybierz tutaj, aby zresetować swoją odpowiedź."
"components/c-105/_buttons/_showCorrectAnswer/buttonText/","Pokaż poprawną odpowiedź"
"components/c-105/_buttons/_showCorrectAnswer/ariaLabel/","Wybierz tutaj, aby pokazać poprawną odpowiedź."
"components/c-105/_buttons/_hideCorrectAnswer/buttonText/","Pokaż moją odpowiedź"
"components/c-105/_buttons/_hideCorrectAnswer/ariaLabel/","Wybierz tutaj, aby pokazać swoją odpowiedź."
"components/c-105/_buttons/_showFeedback/buttonText/","Pokaż informację zwrotną"
"components/c-105/_buttons/_showFeedback/ariaLabel/","Wybierz tutaj, aby pokazać informację zwrotną."
"components/c-105/_buttons/remainingAttemptsText/","Pozostałe próby"
"components/c-105/_buttons/remainingAttemptText/","ostatnia próba"
"components/c-106/title/","Dane treningowe"
"components/c-106/displayTitle/","Dane treningowe: Paliwo dla uczenia maszynowego"
"components/c-106/body/","Teraz wiesz, czym jest sztuczna inteligencja i jak maszyny mogą uczyć się z danych. Brakuje jednak ważnej części: <strong>danych treningowych</strong>. Rzeczywiste dane, często produkowane przez ludzi, są następnie przekazywane algorytmom uczenia maszynowego. Jakie są trzy główne kwestie dotyczące danych treningowych?"
"components/c-106/_items/0/front/","Jakość danych"
"components/c-106/_items/0/back/body/","Jakość danych treningowych jest kluczowa. Jeśli dane są <strong>zaszumione, niekompletne lub stronnicze</strong>, model nauczy się tych niedoskonałości i będzie słabo działał na nowych danych."
"components/c-106/_items/1/front/","Ilość danych"
"components/c-106/_items/1/back/body/","Ilość danych treningowych jest również ważna. <strong>Więcej danych</strong> zazwyczaj prowadzi do dokładniejszego modelu, zwłaszcza w przypadku złożonych zadań."
"components/c-106/_items/2/front/","Reprezentatywność danych"
"components/c-106/_items/2/back/body/","Dane treningowe powinny być <strong>reprezentatywne</strong> dla rzeczywistych danych, na których model ma być używany. Jeśli dane treningowe znacznie różnią się od rzeczywistych danych, model może nie generalizować dobrze."
"components/c-107/body/","Źródła: <br> <br> Legg, Shane; Hutter, Marcus (2007): Universal Intelligence: A Definition of Machine Intelligence. DOI: <a href=""https://doi.org/10.48550/arXiv.0712.3329"" target=""_blank"">https://doi.org/10.48550/arXiv.0712.3329</a> <br> <br> Sousa Antunes et al. (2024): Multidisciplinary Perspectives on Artificial Intelligence and the Law, DOI: <a href=""https://doi.org/10.1007/978-3-031-41264-6"" target=""_blank"">https://doi.org/10.1007/978-3-031-41264-6</a> <br> <br> Huawei Technologies (2023): Artificial Intelligence Technogoly, DOI: <a href=""https://doi.org/10.1007/978-981-19-2879-6"" target=""_blank"">https://doi.org/10.1007/978-981-19-2879-6</a> "
"components/c-201/title/","Szybka runda Memory"
"components/c-201/displayTitle/","Zacznijmy od małej rundy Memory..."
"components/c-201/instruction/","Odwróć karty, aby znaleźć pasujące pary."
"components/c-201/status/","Znalazłeś {{guesses}} z {{total}} dopasowań."
"components/c-201/_items/0/_graphic/alt/","Grafika zastępcza"
"components/c-201/feedback/","Świetnie, znalazłeś wszystkie pasujące karty, czy obrazy mają coś wspólnego?"
"components/c-202/title/","Stereotypy płciowe w generowaniu obrazów"
"components/c-202/displayTitle/","...ale to był tylko przypadek, prawda?"
"components/c-203/body/","Nie trzeba być detektywem, aby dostrzec wzorzec na powyższych zdjęciach – to wszystko biali mężczyźni. Dzieje się tak, ponieważ modele AI uczą się z naszego świata i mogą <b>przejmować i reprodukować strukturalne zniekształcenia</b> w swoich danych treningowych. <br> <br> Aby to przetestować, przeprowadziłem prosty eksperyment z modelem Google Imagen 3. Dla czterech różnych zawodów wygenerowałem po 30 obrazów z promptami, które widzisz po prawej stronie. Prompty były pierwotnie w języku angielskim, gdzie zawody nie mają rodzaju gramatycznego."
"components/c-204/body/"," <br> <br> <br> <b> Realistyczne zdjęcie ... </b>"
"components/c-204/words/0/","pielęgniarza"
"components/c-204/words/1/","hydraulika"
"components/c-204/words/2/","pilota"
"components/c-204/words/3/","stewardesy"
"components/c-205/title/","Odkrywanie wzorców w generowaniu obrazów"
"components/c-205/displayTitle/","Nie, jest wzorzec..."
"components/c-205/_items/0/title/","<p> z 30 wygenerowanych obrazów pilotów przedstawia cechy męskie.</p>"
"components/c-205/_items/0/_graphic/alt/","Grafika 1"
"components/c-205/_items/0/counterLabel/","%"
"components/c-205/_items/1/title/","<p> z 30 wygenerowanych stewardes to kobiety o bardzo podobnych cechach.</p>"
"components/c-205/_items/1/_graphic/alt/","Grafika 2"
"components/c-205/_items/1/counterLabel/","%"
"components/c-205/_items/2/title/","<p> wygenerowanych obrazów hydraulików to mężczyźni, niektórzy z nich przypominają nawet słynną postać z gry wideo.</p>"
"components/c-205/_items/2/_graphic/alt/","Grafika 3"
"components/c-205/_items/2/counterLabel/","%"
"components/c-205/_items/3/title/","<p> wygenerowanych obrazów pielęgniarek to kobiety o bardzo podobnym fenotypie.</p>"
"components/c-205/_items/3/_graphic/alt/","Grafika 3"
"components/c-205/_items/3/counterLabel/","%"
"components/c-206/title/","Zniekształcenia w danych tekstowych"
"components/c-207/title/","Odkrywanie ukrytych zniekształceń"
"components/c-207/_items/0/body/","Ta grafika ujawnia ukryte stereotypy, których prawdziwy model językowy nauczył się na temat zawodów i płci. Kliknij, aby dowiedzieć się więcej..."
"components/c-207/_items/0/instruction/","Dalej »"
"components/c-207/_items/1/title/","Jak czytać grafikę"
"components/c-207/_items/1/body/","Każdy słupek pokazuje przypisanie płci do zawodu. Jasnoniebieski obszar pokazuje przypisanie męskie, a ciemnoniebieski przypisanie żeńskie. Razem zawsze dają 100%."
"components/c-207/_items/1/instruction/","Dalej »"
"components/c-207/_items/2/title/","Co oznacza „Skojarzone z”"
"components/c-207/_items/2/body/","Model językowy zauważył, że pewne słowa często występują razem. Jeśli słowo często pojawia się w pobliżu „ona” lub „on”, model ściśle je ze sobą łączy. Odzwierciedla to wzorce w danych, niekoniecznie obiektywną prawdę."
"components/c-207/_items/2/instruction/","Dalej »"
"components/c-207/_items/3/title/","Spojrzenie na „Pielęgniarza”"
"components/c-207/_items/3/body/","Zacznijmy od środka. Model językowy kojarzy „pielęgniarza” w 57% przypadków z „kobietą”. Pokazuje to powszechny stereotyp, którego model nauczył się z tekstu."
"components/c-207/_items/3/instruction/","Dalej »"
"components/c-207/_items/4/title/","Teraz spójrzmy na „Hydraulika”"
"components/c-207/_items/4/body/","W przeciwieństwie do tego, model kojarzy „hydraulika” w 52% wszystkich przypadków z „mężczyzną”. Chociaż jest to niewielkie zniekształcenie, wzorzec konsekwentnie odzwierciedla stereotypy społeczne."
"components/c-207/_items/4/instruction/","Dalej »"
"components/c-207/_items/5/title/","Ekstremalny przykład"
"components/c-207/_items/5/body/","Rozważmy teraz skrajny przypadek, taki jak „Finansista”. Model językowy wykazuje bardzo silne 77% skojarzenie męskie. W przeciwieństwie do tego, model łączy „stylistę” z 70% prawdopodobieństwem z kobietą."
"components/c-207/_items/5/instruction/","Dalej »"
"components/c-207/_items/6/title/","Dlaczego to jest ważne"
"components/c-207/_items/6/body/","Jeśli modele językowe dziedziczą te zniekształcenia, mogą prowadzić do niesprawiedliwych lub zniekształconych wyników w rzeczywistych zastosowaniach, takich jak przeglądanie życiorysów lub generowanie tekstu."
"components/c-207/_items/6/instruction/","Dalej »"
"components/c-207/_items/7/title/","Sedno sprawy"
"components/c-207/_items/7/body/","Wizualizując te zniekształcenia, możemy je lepiej zrozumieć i pracować nad tworzeniem bardziej sprawiedliwych i odpowiedzialnych modeli językowych."
"components/c-207/_items/7/instruction/","Ukończono ✔"
"components/c-208/title/","Quiz: Zrozumienie skojarzeń AI"
"components/c-208/body/","Zgodnie z przedstawioną grafiką, model językowy kojarzy „recepcjonistę” z częstotliwością 66% z „kobietą”. Co ta „asocjacja” mówi przede wszystkim o modelu?"
"components/c-208/instruction/","Wybierz jedną opcję, która jest prawdziwa, a następnie kliknij Wyślij."
"components/c-208/ariaQuestion/","Co przede wszystkim mówi skojarzenie modelu językowego „recepcjonisty” z „kobietą”?"
"components/c-208/_items/0/text/","Model uważa, że kobiety są z natury lepsze do zawodu recepcjonisty."
"components/c-208/_items/0/altText/","Opcja: Model uważa, że kobiety są lepsze dla recepcjonistów."
"components/c-208/_items/1/text/","Model zauważył, że słowo „recepcjonista” często występuje w jego danych treningowych w pobliżu zaimków lub kontekstów związanych z kobietami."
"components/c-208/_items/1/altText/","Opcja: Słowo „recepcjonista” często występuje z zaimkami/kontekstami żeńskimi."
"components/c-208/_feedback/title/","Zrozumienie skojarzeń AI"
"components/c-208/_feedback/correct/","Zgadza się! „Skojarzenia” modelu odzwierciedlają wzorce w ogromnych ilościach danych tekstowych, na których został wytrenowany. Nie „wierzy” w nic; po prostu identyfikuje statystyczne zależności między słowami takimi jak „recepcjonista” a zaimkami takimi jak „ona” lub „jej” na podstawie tego, jak często występują razem w danych."
"components/c-208/_feedback/_incorrect/notFinal/","Nie do końca. Sprawdź sekcję „Odkrywanie ukrytych zniekształceń AI”, zwłaszcza wyjaśnienie „Co oznacza „Skojarzone z””. Zastanów się, jak uczą się modele językowe."
"components/c-208/_feedback/_incorrect/final/","Poprawna odpowiedź to: Model zauważył, że słowo „recepcjonista” często występuje w jego danych treningowych w pobliżu zaimków lub kontekstów związanych z kobietami. Modele AI uczą się, znajdując statystyczne wzorce w swoich danych treningowych. Ich „skojarzenia” są odzwierciedleniem tych wzorców, a nie oceną ani przekonaniem o przydatności. Jeśli „recepcjonista” często występował w danych treningowych w zdaniach z „ona” lub „jej”, model będzie go silniej kojarzył z kobietą."
"components/c-208/_feedback/_partlyCorrect/notFinal/","Ta opcja jest przeznaczona dla pytań z wieloma poprawnymi odpowiedziami, co nie ma tutaj miejsca. Proszę sprawdzić informację zwrotną dla błędnych odpowiedzi."
"components/c-208/_feedback/_partlyCorrect/final/","Ta opcja jest przeznaczona dla pytań z wieloma poprawnymi odpowiedziami, co nie ma tutaj miejsca. Poprawna odpowiedź to, że model zauważył statystyczne wzorce w swoich danych treningowych, które łączą „recepcjonistę” z terminami związanymi z kobietami."
"components/c-208/_buttons/_submit/buttonText/","Wyślij"
"components/c-208/_buttons/_submit/ariaLabel/","Wybierz tutaj, aby wysłać swoją odpowiedź."
"components/c-208/_buttons/_reset/buttonText/","Resetuj"
"components/c-208/_buttons/_reset/ariaLabel/","Wybierz tutaj, aby zresetować swoją odpowiedź."
"components/c-208/_buttons/_showCorrectAnswer/buttonText/","Pokaż poprawną odpowiedź"
"components/c-208/_buttons/_showCorrectAnswer/ariaLabel/","Wybierz tutaj, aby pokazać poprawną odpowiedź."
"components/c-208/_buttons/_hideCorrectAnswer/buttonText/","Pokaż moją odpowiedź"
"components/c-208/_buttons/_hideCorrectAnswer/ariaLabel/","Wybierz tutaj, aby pokazać swoją odpowiedź."
"components/c-208/_buttons/_showFeedback/buttonText/","Pokaż informację zwrotną"
"components/c-208/_buttons/_showFeedback/ariaLabel/","Wybierz tutaj, aby pokazać informację zwrotną."
"components/c-208/_buttons/remainingAttemptsText/","Pozostałe próby"
"components/c-208/_buttons/remainingAttemptText/","ostatnia próba"
"components/c-209/title/","Skąd biorą się zniekształcenia?"
"components/c-209/displayTitle/","Czy to oznacza, że <em>każda</em> AI jest stronnicza i dyskryminująca?"
"components/c-209/body/","Często błędnie uważa się, że stronniczość AI oznacza <b>stronniczość samego modelu</b>. W tym kontekście „stronniczość” odnosi się po prostu do systemowych wzorców, których AI uczy się i reprodukuje ze swoich danych treningowych. Jak pokazują poprzednie przykłady, wynik działania AI jest <b>bezpośrednim odzwierciedleniem informacji, na których została wytrenowana</b>. Wyniki nie są zamierzone, są echem społecznych uprzedzeń, które są osadzone w danych źródłowych. Ostatecznie systemy AI są <b>tylko tak dobre, jak dane, które im są dostarczane</b> i ludzie, którzy je budują i kierują."
"components/c-209/instruction/","<b>Skąd więc biorą się zniekształcenia?</b> Kliknij pola poniżej, aby dowiedzieć się więcej."
"components/c-209/_items/0/front/","Dane zostały zebrane w innych celach"
"components/c-209/_items/0/back/body/","Systemy AI często analizują istniejące dane, które zostały <b>zebrane w innych celach</b> niż te, które realizuje system AI. Oznacza to, że dane nie zostały zebrane z zamiarem wykorzystania ich np. do rekrutacji, więc cechy danych, które <b>mogłyby sprzyjać niesprawiedliwym wynikom, nie są brane pod uwagę</b>."
"components/c-209/_items/1/front/","Dane są historyczne"
"components/c-209/_items/1/back/body/","Dane historyczne <b>często odzwierciedlają przeszłe uprzedzenia społeczne</b> i dyskryminujące praktyki. Jeśli systemy AI są trenowane na tych danych, mogą <b>utrwalać i wzmacniać te uprzedzenia</b>."
"components/c-209/_items/2/front/","Dane nie są reprezentatywne"
"components/c-209/_items/2/back/body/","Ten problem występuje, gdy system uczenia maszynowego jest trenowany na danych, które <b>nie w pełni reprezentują</b> populację, do której system ma być stosowany. Systemy AI mogą następnie odzwierciedlać to zniekształcenie reprezentacji, gdy są narażone na rzeczywiste dane, które znacznie różnią się od danych treningowych i dostarczają <b>zniekształcone lub niesprawiedliwe wyniki</b>."
"components/c-210/title/","Wpływ w prawdziwym życiu"
"components/c-210/displayTitle/","Rzeczywiste skutki zniekształconych danych treningowych"
"components/c-210/body/","Poprzednie eksperymenty myślowe mają w dużej mierze charakter teoretyczny, więc przyjrzyjmy się <b>rzeczywistym przykładom</b>, w których zniekształcenia w danych treningowych doprowadziły do <b>suboptymalnych i dyskryminujących</b> wyników w rzeczywistych zastosowaniach."
"components/c-210/instruction/","Wybierz zakładki, aby dowiedzieć się więcej."
"components/c-210/_items/0/tabTitle/","Przypadek 1: Zniekształcenie rekrutacyjne"
"components/c-210/_items/0/title/","Przypadek 1: Zniekształcenie płciowe w rekrutacji"
"components/c-210/_items/0/body/","Amazon opracował program AI do <b>automatyzacji wstępnej selekcji</b> kandydatów poprzez przeglądanie życiorysów. Narzędzie zostało wytrenowane na życiorysach z dziesięciu lat, zbiorze danych, w którym <b>większość udanych kandydatów stanowili mężczyźni</b>. W rezultacie AI nauczyła się <b>być stronnicza wobec kandydatek</b>, dyskryminując życiorysy zawierające sformułowania takie jak „przewodnicząca klubu szachowego kobiet”. Pomimo prób skorygowania zniekształcenia płciowego, <b>Amazon ostatecznie porzucił program</b>, ponieważ nie był zgodny z zaangażowaniem firmy w różnorodność i równość w miejscu pracy <a href='https://link.springer.com/book/10.1007/978-3-031-17040-9' target='_blank'>(patrz Stahl i in. 2023).</a>"
"components/c-210/_items/1/tabTitle/","Przypadek 2: Decyzje o zwolnieniu warunkowym"
"components/c-210/_items/1/title/","Przypadek 2: Zniekształcenie AI w decyzjach o zwolnieniu warunkowym"
"components/c-210/_items/1/body/","Więzień o nazwisku Glenn Rodríguez, który miał <b>wzorową kartotekę rehabilitacyjną</b>, złożył wniosek o wcześniejsze zwolnienie, który został jednak odrzucony. Decyzja komisji ds. zwolnień warunkowych opierała się na prognozie systemu AI o nazwie COMPAS. Komisja <b>nie wiedziała, jak działa algorytm AI</b>, ponieważ była to tajemnica handlowa. Rodríguez odkrył później, że jego wysoki wynik opierał się na <b>subiektywnych i potencjalnie rasistowskich poglądach</b> strażników więziennych. Chociaż ostatecznie został zwolniony, jego zwolnienie zostało znacznie opóźnione <a href='https://link.springer.com/book/10.1007/978-3-031-17040-9' target='_blank'>(patrz Stahl i in. 2023).</a>"
"components/c-210/_items/2/tabTitle/","Przypadek 3: Rozpoznawanie twarzy"
"components/c-210/_items/2/title/","Przypadek 3: Zniekształcenie w rozpoznawaniu twarzy"
"components/c-210/_items/2/body/","Zdjęcie paszportowe studenta inżynierii pochodzenia azjatyckiego w Nowej Zelandii zostało odrzucone przez zautomatyzowany system, ponieważ <b>błędnie twierdził, że jego oczy są zamknięte</b>. Ten incydent wskazuje na większy problem <b>błędów etnicznych</b> w technologii rozpoznawania twarzy. Podobne systemy wykazały <b>stronniczość wobec innych grup</b>; na przykład zdjęcia ciemnoskórych kobiet w Wielkiej Brytanii były <b>czterokrotnie częściej klasyfikowane jako niskiej jakości</b>, a zdjęcie czarnoskórej studentki zostało odrzucone, ponieważ system błędnie rozpoznał jej usta jako otwarte <a href='https://springer.com/book/10.1007/978-3-031-17040-9' target='_blank'>(patrz Stahl i in. 2023)</a>."
"components/c-211/title/","Możliwe rozwiązania"
"components/c-211/displayTitle/","Rozwiązywanie wyzwań"
"components/c-211/body/","Podczas gdy wcześniejsze dyskusje mogły podkreślać bardziej niepokojące aspekty AI i uczenia maszynowego, ta sekcja bada <b>proaktywne rozwiązania i postępy</b>, które <b>skutecznie rozwiązują te problemy</b>."
"components/c-211/instruction/","Wybierz nagłówki, aby dowiedzieć się więcej."
"components/c-211/_items/0/title/","Zachowaj krytyczne podejście"
"components/c-211/_items/0/body/","Być może zauważyłeś, że ten kurs <b>celowo wykorzystuje materiały z różnych modeli AI</b>, takich jak Google Imagen 3 i 4 do obrazów oraz starszy model językowy do grafiki zniekształceń płciowych. Jest to zamierzone. <br> <br> Te decyzje demonstrują ważne punkty w historii uczenia maszynowego i służą jako przypomnienie, aby <b>krytycznie kwestionować dwie rzeczy: wynik działania systemów AI</b> w wrażliwych zastosowaniach oraz, co równie ważne, <b>motywacje organizacji</b>, które je dostarczają. <br> <br> Podczas wdrażania jakiegokolwiek systemu AI pomocne jest pamiętanie o powyższych przykładach, aby <b>uniknąć niepożądanych wyników</b>."
"components/c-211/_items/0/_graphic/attribution/","<a href=""https://www.pexels.com/photo/woman-blindfolded-8730085/"" target=""_blank"" style=""color: white;"">Lil Artsy na www.pexels.com</a>"
"components/c-211/_items/1/title/","Mechanizmy bezpieczeństwa"
"components/c-211/_items/1/body/","Poprzednie przykłady pokazały, jak <b>wadliwe dane treningowe mogą prowadzić do stronniczych lub szkodliwych wyników</b>, co jest problemem zarówno dla deweloperów, jak i organów regulacyjnych. W odpowiedzi na to, twórcy modeli wdrażają <b>filtry bezpieczeństwa i „bariery ochronne”, aby zapobiec niepożądanym zachowaniom</b>. <br> <br> Te bariery ochronne mogą obejmować moderowanie wyników i zmniejszanie zniekształceń, aż po mechanizmy zapewniające zgodność odpowiedzi z normami społecznymi lub specyficzną tożsamością firmy. <br> <br> Aby zapewnić, że granica między akceptowalnym a nieakceptowalnym zachowaniem nie jest wyznaczana wyłącznie przez duże firmy technologiczne, inicjatywy takie jak Guardrails.AI oferują otwarte i oparte na społeczności standardy dla modeli AI."
"components/c-211/_items/1/_graphic/attribution/","Wygenerowano za pomocą Google Imagen 4"
"components/c-211/_items/2/title/","Nowe modele są zazwyczaj lepsze"
"components/c-211/_items/2/body/","Nowoczesne modele AI wykazują tendencję do <b>redukcji stronniczości</b>, co wynika z dwóch głównych czynników: <b>wdrożenia wyraźnych mechanizmów bezpieczeństwa</b> oraz <b>bardziej wyrafinowanego rozumienia językowego</b>, które wykracza poza uproszczone korelacje ról płciowych wcześniejszych modeli. <br> <br> Na przykład, osadzenia językowe zintegrowane z ChatGPT prowadzą do <b>znacznie bardziej sprawiedliwych skojarzeń</b> między płcią a zawodami w przeciwieństwie do powyższej grafiki. <br> <br> Podobnie, Google Imagen 4 demonstruje ten postęp, generując <b>większą różnorodność demograficzną</b>; prompt „realistyczne zdjęcie pielęgniarza” generuje teraz obrazy, które pokazują mężczyzn i kobiety w mniej więcej równym stopniu. Spójrz na obraz po lewej stronie."
"components/c-211/_items/2/_graphic/attribution/","Wygenerowano za pomocą Google Imagen 4"
"components/c-213/title/","Quiz: Rekrutacja w Amazonie"
"components/c-213/displayTitle/","Sprawdź swoją wiedzę: AI Amazona"
"components/c-213/body/","Jaki był główny powód, dla którego system AI w przypadku rekrutacji w Amazonie rozwinął stronniczość wobec kandydatek?"
"components/c-213/instruction/","Wybierz jedną opcję, która jest prawdziwa, a następnie kliknij Wyślij."
"components/c-213/ariaQuestion/","Jaki był główny powód, dla którego system AI Amazonu rozwinął stronniczość wobec kandydatek?"
"components/c-213/_items/0/text/","Został wytrenowany na życiorysach z okresu, w którym większość udanych kandydatów stanowili mężczyźni, co spowodowało, że dyskryminował terminy związane z kobietami."
"components/c-213/_items/0/altText/","Opcja: Dane treningowe stronnicze wobec mężczyzn."
"components/c-213/_items/1/text/","Deweloperzy Amazonu celowo zaprogramowali AI tak, aby preferowała kandydatów płci męskiej do niektórych ról."
"components/c-213/_items/1/altText/","Opcja: Celowe zniekształcenie programowania."
"components/c-213/_items/2/text/","Systemowi AI brakowało zdolności do przetwarzania języka neutralnego płciowo, co prowadziło do błędów."
"components/c-213/_items/2/altText/","Opcja: Brak przetwarzania języka neutralnego płciowo."
"components/c-213/_items/3/text/","Kandydatki często składały niekompletne życiorysy, które AI oceniała jako gorsze."
"components/c-213/_items/3/altText/","Opcja: Niekompletne życiorysy kobiet."
"components/c-213/_feedback/title/","Wyjaśnienie zniekształcenia rekrutacyjnego w Amazonie"
"components/c-213/_feedback/correct/","Zgadza się! AI uczyła się z danych historycznych, które pokazywały przeważnie mężczyzn na udanych stanowiskach. W rezultacie nauczyła się niestety kojarzyć pewne terminy, powszechne w życiorysach kobiet (takie jak „przewodnicząca klubu szachowego kobiet”), z mniejszą atrakcyjnością, co prowadziło do stronniczości."
"components/c-213/_feedback/_incorrect/notFinal/","Nie do końca. Sprawdź przypadek 1 w sekcji „Wpływ w prawdziwym życiu”. Skoncentruj się na tym, jak dane treningowe wpłynęły na wyniki AI."
"components/c-213/_feedback/_incorrect/final/","Poprawna odpowiedź to: Został wytrenowany na życiorysach z okresu, w którym większość udanych kandydatów stanowili mężczyźni, co spowodowało, że dyskryminował terminy związane z kobietami. AI odzwierciedlała zniekształcenia obecne w jej danych treningowych, które odzwierciedlały przeszłe wzorce zatrudnienia w Amazonie, zamiast być celowo zaprogramowaną na stronniczość lub z powodu problemów z przetwarzaniem języka."
"components/c-213/_feedback/_partlyCorrect/notFinal/","Ta opcja jest przeznaczona dla pytań z wieloma poprawnymi odpowiedziami, co nie ma tutaj miejsca. Proszę sprawdzić informację zwrotną dla błędnych odpowiedzi."
"components/c-213/_feedback/_partlyCorrect/final/","Ta opcja jest przeznaczona dla pytań z wieloma poprawnymi odpowiedziami, co nie ma tutaj miejsca. Poprawna odpowiedź to, że AI została wytrenowana na danych historycznych, które preferowały kandydatów płci męskiej."
"components/c-213/_buttons/_submit/buttonText/","Wyślij"
"components/c-213/_buttons/_submit/ariaLabel/","Wybierz tutaj, aby wysłać swoją odpowiedź."
"components/c-213/_buttons/_reset/buttonText/","Resetuj"
"components/c-213/_buttons/_reset/ariaLabel/","Wybierz tutaj, aby zresetować swoją odpowiedź."
"components/c-213/_buttons/_showCorrectAnswer/buttonText/","Pokaż poprawną odpowiedź"
"components/c-213/_buttons/_showCorrectAnswer/ariaLabel/","Wybierz tutaj, aby pokazać poprawną odpowiedź."
"components/c-213/_buttons/_hideCorrectAnswer/buttonText/","Pokaż moją odpowiedź"
"components/c-213/_buttons/_hideCorrectAnswer/ariaLabel/","Wybierz tutaj, aby pokazać swoją odpowiedź."
"components/c-213/_buttons/_showFeedback/buttonText/","Pokaż informację zwrotną"
"components/c-213/_buttons/_showFeedback/ariaLabel/","Wybierz tutaj, aby pokazać informację zwrotną."
"components/c-213/_buttons/remainingAttemptsText/","Pozostałe próby"
"components/c-213/_buttons/remainingAttemptText/","ostatnia próba"
"components/c-214/body/","Źródła: <br> <br> Stahl, Bernd; Schroeder, Doris & Rodrigues, Rowena (2023): Ethics of Artificial Intelligence. DOI: <a href=""https://doi.org/10.1007/978-3-031-17040-9"" target=""_blank"">https://doi.org/10.1007/978-3-031-17040-9</a> <br> <br> Bolukbasi et al. (2016): Man is to Computer Programmer as Woman is to Homemaker? Debiasing Word Embeddings, DOI: <a href=""https://doi.org/10.48550/arXiv.1607.06520"" target=""_blank"">https://doi.org/10.48550/arXiv.1607.06520</a> <br> <br> Huawei Technologies (2023): Artificial Intelligence Technogoly, DOI: <a href=""https://doi.org/10.1007/978-981-19-2879-6"" target=""_blank"">https://doi.org/10.1007/978-981-19-2879-6</a> "
"components/c-301/title/","Prawo autorskie w ogólności"
"components/c-301/displayTitle/","Czym jest prawo autorskie?"
"components/c-301/body/","Prawo autorskie to <b>prawo</b>, które przyznaje twórcom <b>wyłączną kontrolę</b> nad ich oryginalnymi dziełami literackimi i artystycznymi. Jako część prawa własności intelektualnej (IP) chroni „dzieła autorstwa”, umożliwiając twórcom zarządzanie wykorzystaniem i rozpowszechnianiem ich dzieł."
"components/c-301/instruction/","Kliknij pola poniżej, aby dowiedzieć się więcej o prawie autorskim."
"components/c-301/_items/0/front/","Co jest chronione?"
"components/c-301/_items/0/back/body/","Prawo autorskie chroni <b><em>konkretny wyraz</em> idei</b>, a nie samą ideę. Dotyczy namacalnych dzieł literackich i artystycznych, takich jak powieści, piosenki, obrazy i oprogramowanie, i daje twórcom <b>kontrolę nad ich konkretnymi manifestacjami</b>."
"components/c-301/_items/1/front/","Na jakich warunkach?"
"components/c-301/_items/1/back/body/","Aby być chronionym prawem autorskim, dzieło musi być wyrażone w <b><em>konkretny sposób</em></b> (nie abstrakcyjne idee) i być <b><em>oryginalne</em></b>. Oryginalność oznacza, że jest to <b>intelektualne dzieło człowieka</b>, które odzwierciedla jego osobowość i twórcze decyzje. Ta <b>ludzka twórczość jest fundamentalna</b>, zwłaszcza w prawie niemieckim i unijnym."
"components/c-301/_items/2/front/","Jakie są prawa właściciela?</b>"
"components/c-301/_items/2/back/body/","Właściciele otrzymują <b>wyłączne prawa do powielania, rozpowszechniania i publicznego odtwarzania</b> swojego dzieła. Posiadają również <b>osobiste prawa autorskie</b>, w tym prawo do ujawnienia, integralności i autorstwa, które zapewniają kontrolę. Prawo autorskie w państwach członkowskich UE trwa zazwyczaj przez <b>całe życie twórcy plus 70 lat</b>."
"components/c-302/title/","Prawo autorskie i AI"
"components/c-302/displayTitle/","A dlaczego to jest ważne dla AI?"
"components/c-302/body/","Pamiętasz Test Turinga z pierwszej części tego kursu: Wyniki systemów AI stały się tak dobre, że wiele z nich trudno odróżnić od treści stworzonych przez człowieka. A większość treści stworzonych przez człowieka w Internecie jest chroniona prawem autorskim. W tej lekcji omówimy trzy pytania:"
"components/c-302/_items/0/title/","Czy trening AI narusza prawo autorskie?"
"components/c-302/_items/1/title/","Czy wyniki systemów AI mogą naruszać prawa autorskie?"
"components/c-302/_items/2/title/","Czy wyniki AI podlegają ochronie prawem autorskim?"
"components/c-303/title/","Trening AI a prawo autorskie"
"components/c-303/displayTitle/","Trening AI <em>może</em> naruszać prawo autorskie"
"components/c-303/body/","Kwestia, czy trening modeli AI na materiałach chronionych prawem autorskim stanowi naruszenie, jest centralnym i intensywnie dyskutowanym tematem prawnym. Obejmuje ona złożone interpretacje istniejących przepisów prawa autorskiego i powstawanie nowych regulacji, zwłaszcza w UE. Zrozumienie tej dziedziny wymaga zbadania zarówno technicznej natury modeli AI, jak i ram prawnych dotyczących wykorzystania danych."
"components/c-303/instruction/","Kliknij pola poniżej, aby dowiedzieć się więcej o tym złożonym temacie."
"components/c-303/_items/0/title/","Modele <em>nie przechowują</em> danych chronionych prawem autorskim"
"components/c-303/_items/0/body/","Modele AI zazwyczaj nie przechowują dokładnych kopii dzieł chronionych prawem autorskim. Zamiast tego uczą się, ekstrahując abstrakcyjne koncepcje i kodując je w reprezentacje numeryczne. Ten proces dekompozycji i abstrakcji oznacza, że wytrenowany model sam w sobie nie jest bezpośrednią kopią i dlatego zazwyczaj nie narusza prawa autorskiego."
"components/c-303/_items/1/title/","Podczas treningu jest to ciągła debata"
"components/c-303/_items/1/body/","Modele AI są trenowane na ogromnych ilościach danych, często włączając materiały chronione prawem autorskim, które zostały zebrane z Internetu. Wykorzystanie tych danych bez wyraźnej zgody może być uznane za naruszenie prawa autorskiego. W USA zwolennicy często argumentują, że mieści się to w ramach „dozwolonego użytku”. W Niemczech i UE istnieją specyficzne wyjątki, takie jak badania naukowe."
"components/c-304/title/","Trwające sprawy o naruszenie praw autorskich"
"components/c-304/displayTitle/","...zwłaszcza zdaniem właścicieli praw autorskich"
"components/c-304/body/","Przyjrzyjmy się ważnym, trwającym postępowaniom sądowym dotyczącym styku treningu AI i prawa autorskiego."
"components/c-304/instruction/","Wybierz zakładki, aby dowiedzieć się więcej."
"components/c-304/_items/0/tabTitle/","NYT vs. OpenAI"
"components/c-304/_items/0/title/","NYT vs. OpenAI & Microsoft"
"components/c-304/_items/0/body/","New York Times pozwał OpenAI i Microsoft, twierdząc, że OpenAI skopiowało miliony ich artykułów bez zezwolenia lub zapłaty, aby trenować swoje duże modele językowe (np. ChatGPT). Obrona OpenAI opiera się na doktrynie dozwolonego użytku. Sędzia federalny niedawno zezwolił na kontynuowanie głównych roszczeń o naruszenie praw autorskich i odrzucił wniosek OpenAI o oddalenie. Ta głośna sprawa jest kluczowa dla zdefiniowania relacji między generatywną AI a prawem autorskim."
"components/c-304/_items/1/tabTitle/","Getty vs. Stability AI"
"components/c-304/_items/1/title/","Getty Images vs. Stability AI"
"components/c-304/_items/1/body/","Getty Images pozwał Stability AI, twórcę modelu AI tekst-na-obraz Stable Diffusion. Getty twierdzi, że Stability AI wykorzystało miliony ich obrazów chronionych prawem autorskim bez zezwolenia do trenowania swojego modelu. Pozew zarzuca naruszenie praw autorskich i znaków towarowych oraz stwierdza, że AI czasami reprodukuje znaki wodne Getty lub wizualnie podobne treści."
"components/c-304/_items/2/tabTitle/","Kneschke vs. LAION"
"components/c-304/_items/2/title/","Kneschke vs. LAION"
"components/c-304/_items/2/body/","Artysta Christopher Kneschke (i inni w powiązanym pozwie zbiorowym) pozwali LAION, organizację non-profit, która gromadzi ogromne zbiory danych obrazowo-tekstowych z Internetu. Te zbiory danych są wykorzystywane do trenowania dużych modeli AI. Pozew twierdzi, że zbiory danych LAION zawierają obrazy chronione prawem autorskim bez zgody artystów, a tym samym ułatwiają naruszenie praw autorskich przez modele na nich trenowane."
"components/c-305/title/","Naruszenie przez wynik AI"
"components/c-305/displayTitle/","Tak, wynik AI może naruszać prawa autorskie"
"components/c-305/body/","Nawet jeśli model AI jest legalnie trenowany, <b>generowana przez niego treść może nadal prowadzić do naruszenia praw autorskich</b>. Dzieje się tak, gdy wynik działania AI jest <b>zbyt podobny</b> do istniejącego dzieła chronionego prawem autorskim, a tym samym narusza prawa autorskie."
"components/c-305/instruction/","Użyj strzałek poniżej, aby zbadać, w jaki sposób treści generowane przez AI mogą naruszać prawa autorskie."
"components/c-305/mobileInstruction/","Wybierz symbol plusa, a następnie następną strzałkę, aby dowiedzieć się więcej."
"components/c-305/_items/0/title/","Istotne podobieństwo"
"components/c-305/_items/0/body/","Jeśli treści generowane przez AI (takie jak obraz, tekst lub muzyka) są <b>tak podobne</b> do istniejącego dzieła chronionego prawem autorskim, że przeciętna osoba uznałaby je za kopię, może to być uznane za <b>naruszenie</b>. Oznacza to, że wynik działania AI <b>zawiera wystarczająco dużo kreatywnych elementów oryginału</b>, aby przekroczyć próg prawny."
"components/c-305/_items/0/strapline/","Zbyt blisko dla komfortu"
"components/c-305/_items/0/_graphic/attribution/","<a href=""https://houstonlawreview.org/article/92126-copyright-safety-for-generative-ai"" target=""_blank"" style=""color: white;"">Sag (2023)</a>"
"components/c-305/_items/0/_graphic/alt/","Diagram przedstawiający uczenie nadzorowane z danymi etykietowanymi prowadzącymi do modelu predykcyjnego."
"components/c-305/_items/1/title/","Nieautoryzowane dzieła pochodne"
"components/c-305/_items/1/body/","Właściciele praw autorskich mają <b>wyłączne prawo do tworzenia „dzieł pochodnych”</b> – nowych dzieł opartych na ich oryginalnych kreacjach. Jeśli użytkownik prosi AI o wygenerowanie treści, które wyraźnie <b>opierają się na chronionej prawem autorskim postaci, środowisku lub specyficznym stylu artystycznym bez zezwolenia</b> (np. nowa historia z udziałem słynnej postaci z kreskówki), wynik działania AI może być uznany za <b>nieautoryzowane dzieło pochodne</b>."
"components/c-305/_items/1/strapline/","Opierając się na twórczości innych"
"components/c-305/_items/1/_graphic/attribution/","<a href=""https://houstonlawreview.org/article/92126-copyright-safety-for-generative-ai"" target=""_blank"" style=""color: white;"">Sag (2023)</a>"
"components/c-305/_items/1/_graphic/alt/","Diagram przedstawiający uczenie nadzorowane z danymi etykietowanymi prowadzącymi do modelu predykcyjnego."
"components/c-305/_items/2/title/","Problem Snoopy'ego"
"components/c-305/_items/2/body/","Pokazuje to, jak AI może uczyć się elementów ze swoich danych treningowych, a następnie reprodukować je w swoich wynikach. Im bardziej charakterystyczna i częściej przedstawiana postać lub identyfikator wizualny w danych treningowych, <b>tym bardziej prawdopodobne jest, że AI go zreprodukuje</b>, gdy zostanie o to poproszona. Na przykład AI może generować <b>bardzo podobne przedstawienia</b> znanych postaci, takich jak Snoopy czy Myszka Miki, lub reprodukować charakterystyczne style artystyczne. Dzieje się tak, ponieważ AI uczy się spójnych cech, co ułatwia <b>wywołanie naruszającego prawa autorskie wyniku</b>, nawet jeśli nie jest to dokładna kopia pojedynczego oryginalnego dzieła."
"components/c-305/_items/2/strapline/","Gdy AI „pamięta”"
"components/c-305/_items/2/_graphic/attribution/","<a href=""https://houstonlawreview.org/article/92126-copyright-safety-for-generative-ai"" target=""_blank"" style=""color: white;"">Sag (2023)</a>"
"components/c-305/_items/2/_graphic/alt/","Diagram przedstawiający uczenie nadzorowane z danymi etykietowanymi prowadzącymi do modelu predykcyjnego."
"components/c-306/title/","Wynik AI nie podlega ochronie prawem autorskim"
"components/c-306/displayTitle/","Nie, wyniki AI nie podlegają bezpośrednio ochronie prawem autorskim"
"components/c-306/body/","Obecne rozumienie i ramy prawa autorskiego generalnie nie zezwalają na ochronę prawem autorskim wyników bezpośrednio przez modele AI, ponieważ same systemy AI nie mogą być uważane za twórców ani osoby prawne."
"components/c-306/instruction/","Kliknij pola poniżej, aby zbadać niuanse prawa autorskiego dla treści stworzonych za pomocą AI."
"components/c-306/_items/0/front/","Wymagana jest ludzka twórczość"
"components/c-306/_items/0/back/body/","Prawo autorskie zasadniczo wymaga <b>ludzkich twórców</b>. Obejmuje to „<b>osobisty stempel</b>” i „<b>wolne, świadome decyzje</b>”, które odzwierciedlają ludzką osobowość i kreatywność. Systemy AI, którym brakuje <b>statusu osoby prawnej</b>, nie mogą wyrażać osobowości ani posiadać praw, co dyskwalifikuje je jako twórców."
"components/c-306/_items/1/front/","AI jako narzędzie, nie jako twórca"
"components/c-306/_items/1/back/body/","Podczas gdy AI może tworzyć dzieła, które <em>mogłyby być chronione</em>, ochrona prawem autorskim zależy od <b>wystarczającej interwencji człowieka</b>. Ludzie, którzy programują, trenują, modyfikują AI lub wybierają wyniki AI, mogą rościć sobie prawa autorskie, ponieważ AI jest traktowana jako <b>narzędzie</b>, takie jak pędzel lub edytor tekstu."
"components/c-306/_items/2/front/","Niewystarczający wkład ludzki"
"components/c-306/_items/2/back/body/","Jeśli wkład ludzki w „<b>wolne i twórcze decyzje</b>” jest <b>niewystarczający</b>, treści generowane przez AI mogą nie posiadać niezbędnego <b>autorstwa</b> do ochrony prawem autorskim. Ochrona zależy całkowicie od stopnia i rodzaju <b>ludzkiego wkładu twórczego</b>."
"components/c-307/title/","Ważne wytyczne"
"components/c-307/displayTitle/","Ważne wytyczne"
"components/c-307/body/","Na zakończenie tego modułu przedstawiamy trzy ważne zalecenia dotyczące poruszania się w złożonym krajobrazie prawa autorskiego i sztucznej inteligencji:"
"components/c-307/_items/0/title/","Nie przesyłaj informacji chronionych prawem autorskim"
"components/c-307/_items/0/body/","Upewnij się, że posiadasz prawa do wszelkich materiałów, które udostępniasz systemowi AI do treningu lub poprawy kontekstu."
"components/c-307/_items/1/title/","Dokładnie sprawdzaj wszystkie wyniki generowane przez AI pod kątem możliwych naruszeń"
"components/c-307/_items/1/body/","Sprawdzaj treści generowane przez AI pod kątem podobieństw do istniejących dzieł chronionych prawem autorskim i przeprowadź należytą staranność przed ich publikacją lub komercjalizacją, ponieważ wyniki AI mogą naruszać prawa autorskie."
"components/c-307/_items/2/title/","Zapewnij wystarczający ludzki wkład twórczy dla ochrony praw autorskich dzieł wspomaganych AI"
"components/c-307/_items/2/body/","Aby zabezpieczyć prawa autorskie do dzieł wspomaganych AI, zapewnij znaczącą interwencję człowieka, kreatywne kierownictwo lub modyfikację wyników AI, ponieważ AI sama w sobie nie może być twórcą."
"components/c-307/_items/3/title/","W razie wątpliwości zasięgnij porady prawnej"
"components/c-307/_items/3/body/","Jeśli nie masz pewności, czy Twoja nowa treść narusza prawa autorskie, zawsze zasięgnij porady prawnej, np. od zespołu prawnego Twojej firmy."
"components/c-308/title/","Quiz: Warunki prawa autorskiego"
"components/c-308/displayTitle/","Sprawdź swoją wiedzę: Prawo autorskie"
"components/c-308/body/","Jaki jest podstawowy warunek ochrony prawem autorskim dzieła, który jest szczególnie podkreślany w prawie niemieckim i unijnym?"
"components/c-308/instruction/","Wybierz jedną opcję, która jest prawdziwa, a następnie kliknij Wyślij."
"components/c-308/ariaQuestion/","Jaki jest podstawowy warunek ochrony prawem autorskim dzieła zgodnie z tekstem?"
"components/c-308/_items/0/text/","Musi być opublikowane komercyjnie."
"components/c-308/_items/0/altText/","Opcja: Wymagana publikacja komercyjna."
"components/c-308/_items/1/text/","Musi być konkretnym wyrazem idei i intelektualnym dziełem ludzkich twórców."
"components/c-308/_items/1/altText/","Opcja: Konkretny wyraz i ludzka twórczość."
"components/c-308/_items/2/text/","Musi być zarejestrowane w państwowym urzędzie praw autorskich."
"components/c-308/_items/2/altText/","Opcja: Wymagana rejestracja państwowa."
"components/c-308/_items/3/text/","Musi być zupełnie nową ideą, która nigdy wcześniej nie została wymyślona."
"components/c-308/_items/3/altText/","Opcja: Wymagana zupełnie nowa idea."
"components/c-308/_feedback/title/","Wyjaśnienie warunków prawa autorskiego"
"components/c-308/_feedback/correct/","Zgadza się! Pole „Jakie są warunki?” wyraźnie stwierdza, że dzieło musi być „konkretnym wyrazem” i „intelektualnym dziełem ludzkich twórców”, aby było chronione prawem autorskim, przy czym ludzka twórczość jest szczególnie podkreślana jako fundamentalna w prawie niemieckim i unijnym."
"components/c-308/_feedback/_incorrect/notFinal/","Nie do końca. Sprawdź pole „Jakie są warunki?” w sekcji „Prawo autorskie w ogólności”. Zwróć szczególną uwagę na to, co jest uważane za „oryginalne”."
"components/c-308/_feedback/_incorrect/final/","Poprawna odpowiedź to: Musi być konkretnym wyrazem idei i intelektualnym dziełem ludzkich twórców. Prawo autorskie chroni wyraz idei, a nie samą ideę, i wymaga ludzkiej kreatywności oraz „osobistego stempla” do ochrony w wielu ramach prawnych."
"components/c-308/_feedback/_partlyCorrect/notFinal/","To pytanie ma tylko jedną poprawną odpowiedź. Proszę sprawdzić swój wybór na podstawie treści."
"components/c-308/_feedback/_partlyCorrect/final/","To pytanie ma tylko jedną poprawną odpowiedź. Poprawna odpowiedź to, że dzieło musi być konkretnym wyrazem idei i intelektualnym dziełem ludzkich twórców, aby było chronione prawem autorskim."
"components/c-308/_buttons/_submit/buttonText/","Wyślij"
"components/c-308/_buttons/_submit/ariaLabel/","Wybierz tutaj, aby wysłać swoją odpowiedź."
"components/c-308/_buttons/_reset/buttonText/","Resetuj"
"components/c-308/_buttons/_reset/ariaLabel/","Wybierz tutaj, aby zresetować swoją odpowiedź."
"components/c-308/_buttons/_showCorrectAnswer/buttonText/","Pokaż poprawną odpowiedź"
"components/c-308/_buttons/_showCorrectAnswer/ariaLabel/","Wybierz tutaj, aby pokazać poprawną odpowiedź."
"components/c-308/_buttons/_hideCorrectAnswer/buttonText/","Pokaż moją odpowiedź"
"components/c-308/_buttons/_hideCorrectAnswer/ariaLabel/","Wybierz tutaj, aby pokazać swoją odpowiedź."
"components/c-308/_buttons/_showFeedback/buttonText/","Pokaż informację zwrotną"
"components/c-308/_buttons/_showFeedback/ariaLabel/","Wybierz tutaj, aby pokazać informację zwrotną."
"components/c-308/_buttons/remainingAttemptsText/","Pozostałe próby"
"components/c-308/_buttons/remainingAttemptText/","ostatnia próba"
"components/c-309/title/","Quiz: Lista kontrolna praw autorskich"
"components/c-309/displayTitle/","Zadania do wykonania przed publikacją dzieł wspomaganych AI"
"components/c-309/body/","Użyłeś narzędzia AI do pomocy w tworzeniu nowego produktu (np. generowanie elementów projektu, tekstu marketingowego lub części kodu oprogramowania). Jakie kluczowe sprawdzenia powinieneś przeprowadzić przed publiczną publikacją tego produktu, aby uwzględnić kwestie praw autorskich zgodnie z zaleceniami w tym module?"
"components/c-309/instruction/","Wybierz jedną lub więcej opcji, która jest prawdziwa, a następnie kliknij Wyślij."
"components/c-309/ariaQuestion/","Jakie kluczowe sprawdzenia powinieneś przeprowadzić przed publikacją dzieł wspomaganych AI?"
"components/c-309/_items/0/text/","Sprawdź, czy wszystkie informacje, które udostępniłeś systemowi AI do treningu lub poprawy kontekstu, były wolne od praw autorskich lub posiadałeś niezbędne prawa do ich wykorzystania."
"components/c-309/_items/0/altText/","Opcja: Sprawdź prawa autorskie danych wejściowych."
"components/c-309/_items/1/text/","Dokładnie sprawdź wszystkie wyniki generowane przez AI, zintegrowane z produktem, pod kątem możliwych podobieństw do istniejących dzieł chronionych prawem autorskim."
"components/c-309/_items/1/altText/","Opcja: Sprawdź wynik AI pod kątem naruszenia."
"components/c-309/_items/2/text/","Upewnij się, że w produkcie końcowym był wystarczający ludzki wkład twórczy, aby uzasadnić ludzkie autorstwo dla ochrony praw autorskich."
"components/c-309/_items/2/altText/","Opcja: Zapewnij wystarczający wkład ludzki."
"components/c-309/_items/3/text/","Sprawdź, czy sam model AI został zarejestrowany w odpowiednich organach ds. praw autorskich."
"components/c-309/_items/3/altText/","Opcja: Sprawdź rejestrację praw autorskich modelu AI."
"components/c-309/_feedback/title/","Wyjaśnienie listy kontrolnej praw autorskich"
"components/c-309/_feedback/correct/","Doskonale! Wszystkie trzy punkty (A, B i C) to kluczowe kroki z zaleceń modułu. Zapewnienie, że Twoje dane wejściowe są jasne, dokładne sprawdzanie wyników generowanych przez AI pod kątem możliwych naruszeń oraz utrzymanie wystarczającej ludzkiej kontroli twórczej są niezbędne do poruszania się w kwestiach praw autorskich w produktach wspomaganych AI."
"components/c-309/_feedback/_incorrect/notFinal/","Nie do końca. Sprawdź sekcję „Ważne zalecenia”. Pamiętaj, że kwestie praw autorskich dotyczą zarówno danych wejściowych do AI, jak i jej generowanych wyników, a także całego wkładu ludzkiego."
"components/c-309/_feedback/_incorrect/final/","Poprawne odpowiedzi to A, B i C. Zalecenia podkreślają znaczenie: 1) upewnienia się, że masz prawa do wszystkich danych, które udostępniasz AI; 2) dokładnego sprawdzania treści generowanych przez AI pod kątem podobieństw do istniejących dzieł chronionych prawem autorskim; oraz 3) zapewnienia wystarczającego ludzkiego wkładu twórczego, aby rościć sobie prawa autorskie do dzieła końcowego. Prawa autorskie samego modelu AI nie są głównym problemem podczas przeglądów wydania produktu przez użytkownika."
"components/c-309/_feedback/_partlyCorrect/notFinal/","Zidentyfikowałeś kilka kluczowych kroków, ale nie wszystkie. Sprawdź odpowiednie sekcje, aby znaleźć te, które przegapiłeś."
"components/c-309/_feedback/_partlyCorrect/final/","Zidentyfikowałeś kilka kluczowych kroków, ale nie wszystkie. Poprawne odpowiedzi to A, B i C. Zalecenia podkreślają znaczenie: 1) upewnienia się, że masz prawa do wszystkich danych, które udostępniasz AI; 2) dokładnego sprawdzania treści generowanych przez AI pod kątem podobieństw do istniejących dzieł chronionych prawem autorskim; oraz 3) zapewnienia wystarczającego ludzkiego wkładu twórczego, aby rościć sobie prawa autorskie do dzieła końcowego. Prawa autorskie samego modelu AI nie są głównym problemem podczas przeglądów wydania produktu przez użytkownika."
"components/c-309/_buttons/_submit/buttonText/","Wyślij"
"components/c-309/_buttons/_submit/ariaLabel/","Wybierz tutaj, aby wysłać swoją odpowiedź."
"components/c-309/_buttons/_reset/buttonText/","Resetuj"
"components/c-309/_buttons/_reset/ariaLabel/","Wybierz tutaj, aby zresetować swoją odpowiedź."
"components/c-309/_buttons/_showCorrectAnswer/buttonText/","Pokaż poprawną odpowiedź"
"components/c-309/_buttons/_showCorrectAnswer/ariaLabel/","Wybierz tutaj, aby pokazać poprawną odpowiedź."
"components/c-309/_buttons/_hideCorrectAnswer/buttonText/","Pokaż moją odpowiedź"
"components/c-309/_buttons/_hideCorrectAnswer/ariaLabel/","Wybierz tutaj, aby pokazać swoją odpowiedź."
"components/c-309/_buttons/_showFeedback/buttonText/","Pokaż informację zwrotną"
"components/c-309/_buttons/_showFeedback/ariaLabel/","Wybierz tutaj, aby pokazać informację zwrotną."
"components/c-309/_buttons/remainingAttemptsText/","Pozostałe próby"
"components/c-309/_buttons/remainingAttemptText/","ostatnia próba"
"components/c-399/body/","Źródła: <br> <br> Guadamuz, Andres (2025): The EU's Artificial Intelligence Act and copyright, The Journal of World Intellectual Property Vol. 28(1), DOI: <a href=""https://doi.org/10.1111/jwip.12330"" target=""_blank"">https://doi.org/10.1111/jwip.12330</a> <br> <br> Sag, Matthew (2023): Copyright Safety for Generative AI, Houston Law Review, Vol. 61(2), DOI (pre-print): <a href=""https://dx.doi.org/10.2139/ssrn.4438593"" target=""_blank"">https://dx.doi.org/10.2139/ssrn.4438593</a> <br> <br> Smuha, Nathalie A. (editor) (2025): The Cambridge Handbook of the Law, Ethics and Policy of Artificial Intelligence, DOI: <a href=""https://doi.org/10.1017/9781009367783"" target=""_blank"">https://doi.org/10.1017/9781009367783</a> "
"components/c-401/title/","Ważne definicje RODO"
"components/c-401/displayTitle/","Podstawowe definicje RODO"
"components/c-401/body/","Zanim zbadamy zastosowanie Ogólnego Rozporządzenia o Ochronie Danych (RODO) do AI, konieczne jest zrozumienie jego podstawowej terminologii. RODO ustanawia swoje ramy regulacyjne poprzez precyzyjne definicje. Poniższe trzy koncepcje są kluczowe dla dyskusji na temat AI:"
"components/c-401/instruction/","Poznaj każdy termin poniżej, aby zrozumieć jego znaczenie."
"components/c-401/_items/0/front/","Dane osobowe"
"components/c-401/_items/0/back/body/","Dane osobowe odnoszą się do <b>wszelkich informacji, które mogą zidentyfikować żyjącą osobę</b>, bezpośrednio lub pośrednio. Przykładami są <em>imiona, numery identyfikacyjne, dane o lokalizacji lub wszelkie dane, które mogą być użyte do ustalenia tożsamości osoby.</em>"
"components/c-401/_items/1/front/","Przetwarzanie"
"components/c-401/_items/1/back/body/","Przetwarzanie danych oznacza <b>każdą</b> czynność wykonywaną na danych osobowych. Obejmuje to <em>zbieranie, przechowywanie, używanie, udostępnianie, modyfikowanie, a nawet usuwanie.</em> Takie przetwarzanie może odbywać się ręcznie lub za pomocą systemów zautomatyzowanych."
"components/c-401/_items/2/front/","Zgoda"
"components/c-401/_items/2/back/body/","Zgoda oznacza <b>jasne, dobrowolne, konkretne i świadome zezwolenie</b> osoby na wykorzystanie jej danych osobowych. Wymaga <em>jednoznacznego działania potwierdzającego</em> i nie może być domniemana."
"components/c-402/title/","Jak AI przetwarza dane osobowe"
"components/c-402/displayTitle/","Jak AI przetwarza dane osobowe"
"components/c-402/body/","Systemy sztucznej inteligencji w dużej mierze opierają się na danych w celu ich funkcjonowania. Zrozumienie, w jaki sposób dane osobowe są przetwarzane na różnych etapach rozwoju i wdrażania AI, jest kluczowe dla zgodności z RODO."
"components/c-402/instruction/","Wybierz zakładki, aby dowiedzieć się więcej."
"components/c-402/_items/0/tabTitle/","Gromadzenie danych i trening"
"components/c-402/_items/0/title/","Faza 1: Gromadzenie danych i wstępny trening"
"components/c-402/_items/0/body/","Systemy AI opierają się na <b>„ogromnym głodzie danych”</b>. Ta początkowa faza obejmuje gromadzenie ogromnych ilości danych w celu trenowania algorytmów do rozpoznawania wzorców lub prognozowania. Jeśli dane są wystarczająco szczegółowe, mogą umożliwić <b>rozpoznawanie osób</b>, co oznacza, że dane osobowe są zaangażowane od samego początku. To gromadzenie odpowiednich danych jest kluczowym czynnikiem problemów związanych z AI, ponieważ często jest wykorzystywane do tworzenia <em>profili osobowości lub do zindywidualizowanych usług.</em>"
"components/c-402/_items/1/tabTitle/","Rozwój modelu i ryzyka"
"components/c-402/_items/1/title/","Faza 2: Rozwój modelu AI i wycieki danych"
"components/c-402/_items/1/body/","W fazie rozwoju modele AI są tworzone na podstawie zebranych danych treningowych. Nawet po wytrenowaniu modelu, może on nieumyślnie „<b>wyciekać</b>” niektóre dane osobowe, na których został wytrenowany, za pomocą metod takich jak <em>inwersja modelu lub ataki wnioskowania o członkostwie</em>. Oznacza to, że wytrenowany model sam w sobie może zawierać dane osobowe, a jego udostępnianie lub przekazywanie stronom trzecim jest uważane za <b>„przetwarzanie” zgodnie z RODO</b>, niezależnie od tego, czy oryginalne dane były surowe, czy spseudonimizowane."
"components/c-402/_items/2/tabTitle/","Zastosowanie"
"components/c-402/_items/2/title/","Faza 3: Zastosowania AI"
"components/c-402/_items/2/body/","Ostatnia faza obejmuje wdrożenie wytrenowanego modelu AI w celu dokonywania rzeczywistych prognoz i decyzji. Ta <b>„faza wnioskowania”</b> przetwarza dane osobowe w celu wyciągnięcia nowych informacji, na przykład bank używający AI do przewidywania ryzyka niewypłacalności kredytów. To zastosowanie AI do danych osobowych stanowi <b>„dalsze przetwarzanie”</b> i musi być zgodne z zasadami RODO, ponieważ bezpośrednio dotyczy osób fizycznych poprzez <em>zautomatyzowane decyzje i rekomendacje</em>."
"components/c-403/title/","Punkty tarcia między AI a RODO"
"components/c-403/displayTitle/","Punkty tarcia między AI a RODO"
"components/c-403/body/","Kiedy firmy wdrażają sztuczną inteligencję, często opiera się ona na Twoich danych osobowych. Chociaż RODO ma na celu ochronę Ciebie, unikalne cechy AI mogą stwarzać specyficzne wyzwania dla osób, które wchodzą w interakcje z tymi systemami w ramach firmy."
"components/c-403/instruction/","Kliknij pola poniżej, aby dowiedzieć się więcej."
"components/c-403/_items/0/title/","Ograniczenie celu"
"components/c-403/_items/0/body/","Systemy AI często wykorzystują Twoje informacje w sposób, który <b>pierwotnie nie został wyjaśniony ani uzgodniony.</b>"
"components/c-403/_items/1/title/","Przejrzystość"
"components/c-403/_items/1/body/","Decyzje podejmowane przez AI mogą być trudne do zrozumienia. Firmie trudno jest wyjaśnić, <em>dlaczego</em> AI doszła do określonego wniosku na Twój temat, co utrudnia zrozumienie, w jaki sposób podejmowane są jej decyzje."
"components/c-403/_items/2/title/","Minimalizacja danych i ograniczenie przechowywania"
"components/c-403/_items/2/body/","AI żywi się dużymi ilościami danych, co często oznacza, że <b>zbieranych jest więcej Twoich informacji, niż jest to absolutnie konieczne.</b> Utrudnia to również wiedzę, kiedy lub czy Twoje dane zostaną kiedykolwiek usunięte."
"components/c-403/_items/3/title/","Dokładność"
"components/c-403/_items/3/body/","Dane muszą być dokładne i aktualne. Jednak <b>charakter „czarnej skrzynki”</b> AI utrudnia wykrywanie i korygowanie niedokładnych informacji. Ważnym niuansem jest to, że podczas gdy dane wejściowe muszą być dokładne, wyniki AI są często <b>prognozami probabilistycznymi</b>, co utrudnia zastosowanie tej zasady."
"components/c-404/title/","Ważne zalecenia"
"components/c-404/displayTitle/","Wytyczne dotyczące postępowania z danymi osobowymi"
"components/c-404/body/","Jako użytkownik końcowy, Twoje działania mogą znacząco wpłynąć na ochronę danych w systemach AI przedsiębiorstwa."
"components/c-404/instruction/","Poznaj te zalecenia, aby zrozumieć, jak chronić dane osobowe."
"components/c-404/_items/0/front/","Brak danych osobowych bez zgody"
"components/c-404/_items/0/back/body/","<b>Nigdy nie wprowadzaj danych osobowych innych osób</b> do systemu AI bez jasnej, wyraźnej podstawy prawnej, takiej jak ich <em>konkretna i świadoma zgoda.</em>"
"components/c-404/_items/1/front/","Anonimizuj dane"
"components/c-404/_items/1/back/body/","Jeśli Twoja rola obejmuje obsługę lub wprowadzanie danych, które przyczyniają się do systemów AI, <b>priorytetowo traktuj stosowanie technik anonimizacji lub pseudonimizacji</b> w celu usunięcia lub zamaskowania identyfikatorów osobistych."
"components/c-404/_items/2/front/","Sprawdź swoją zgodę"
"components/c-404/_items/2/back/body/","Jako osoba fizyczna udostępniająca własne dane, <b>dokładnie sprawdzaj prośby o zgodę,</b> zwłaszcza jeśli są one niejasne, domniemane lub przedstawiane jako domyślna rezygnacja. RODO wymaga, aby zgoda była <b>„dobrowolna, konkretna, świadoma i jednoznaczna”</b>."
"components/c-405/title/","Quiz: Definicje RODO"
"components/c-405/displayTitle/","Sprawdź swoją wiedzę: Terminologia RODO"
"components/c-405/body/","Zgodnie z „Definicjami RODO” powyżej, jaki rodzaj informacji jest kategoryzowany jako „Dane osobowe”?"
"components/c-405/instruction/","Wybierz jedną opcję, która jest prawdziwa, a następnie kliknij Wyślij."
"components/c-405/ariaQuestion/","Co zgodnie z definicjami RODO jest kategoryzowane jako „Dane osobowe”?"
"components/c-405/_items/0/text/","Wszelkie informacje o wynikach finansowych firmy."
"components/c-405/_items/0/altText/","Opcja: Dane finansowe firmy."
"components/c-405/_items/1/text/","Informacje, które zostały w pełni zanonimizowane i nie mogą być przypisane do żadnej osoby."
"components/c-405/_items/1/altText/","Opcja: W pełni zanonimizowane dane."
"components/c-405/_items/2/text/","Wszelkie informacje, które mogą bezpośrednio lub pośrednio zidentyfikować żyjącą osobę."
"components/c-405/_items/2/altText/","Opcja: Identyfikowalne informacje o żyjących osobach."
"components/c-405/_items/3/text/","Dane dotyczące wyłącznie historii przeglądania Internetu przez osobę."
"components/c-405/_items/3/altText/","Opcja: Dane historii przeglądania Internetu."
"components/c-405/_feedback/title/","Wyjaśnienie definicji danych osobowych"
"components/c-405/_feedback/correct/","Zgadza się! Sekcja „Ważne definicje RODO” jasno stwierdza, że dane osobowe odnoszą się do „wszelkich informacji, które mogą bezpośrednio lub pośrednio zidentyfikować żyjącą osobę”. Jest to podstawowa koncepcja RODO."
"components/c-405/_feedback/_incorrect/notFinal/","Nie do końca. Sprawdź pole „Dane osobowe” w sekcji „Ważne definicje RODO”. Zastanów się, co sprawia, że informacje są naprawdę „osobiste” w kontekście RODO."
"components/c-405/_feedback/_incorrect/final/","Poprawna odpowiedź to: Wszelkie informacje, które mogą bezpośrednio lub pośrednio zidentyfikować żyjącą osobę. Ta szeroka definicja zapewnia, że różne rodzaje danych, nawet jeśli nie są od razu oczywiste, są chronione na mocy RODO, jeśli mogą być przypisane do osoby."
"components/c-405/_feedback/_partlyCorrect/notFinal/","To pytanie ma tylko jedną poprawną odpowiedź. Proszę sprawdzić swój wybór na podstawie treści."
"components/c-405/_feedback/_partlyCorrect/final/","To pytanie ma tylko jedną poprawną odpowiedź. Poprawna odpowiedź to, że dane osobowe obejmują wszelkie informacje, które mogą bezpośrednio lub pośrednio zidentyfikować żyjącą osobę."
"components/c-405/_buttons/_submit/buttonText/","Wyślij"
"components/c-405/_buttons/_submit/ariaLabel/","Wybierz tutaj, aby wysłać swoją odpowiedź."
"components/c-405/_buttons/_reset/buttonText/","Resetuj"
"components/c-405/_buttons/_reset/ariaLabel/","Wybierz tutaj, aby zresetować swoją odpowiedź."
"components/c-405/_buttons/_showCorrectAnswer/buttonText/","Pokaż poprawną odpowiedź"
"components/c-405/_buttons/_showCorrectAnswer/ariaLabel/","Wybierz tutaj, aby pokazać poprawną odpowiedź."
"components/c-405/_buttons/_hideCorrectAnswer/buttonText/","Pokaż moją odpowiedź"
"components/c-405/_buttons/_hideCorrectAnswer/ariaLabel/","Wybierz tutaj, aby pokazać swoją odpowiedź."
"components/c-405/_buttons/_showFeedback/buttonText/","Pokaż informację zwrotną"
"components/c-405/_buttons/_showFeedback/ariaLabel/","Wybierz tutaj, aby pokazać informację zwrotną."
"components/c-405/_buttons/remainingAttemptsText/","Pozostałe próby"
"components/c-405/_buttons/remainingAttemptText/","ostatnia próba"
"components/c-406/body/","Źródła: <br> <br> Paal, Boris P. (2022): Artificial Intelligence as a Challenge for Data Protection Law And Vice Versa. In: The Cambridge Handbook of Responsible Artificial Intelligence, <a href=""https://doi.org/10.1017/9781009207898.023"" target=""_blank"">https://doi.org/10.1017/9781009207898.023</a> <br> <br> Dewitte, Pierre (2025): AI Meets the GDPR. In: Smuha, N. A. (editor) (2025): The Cambridge Handbook of the Law, Ethics and Policy of Artificial Intelligence. DOI: <a href=""https://doi.org/10.1017/9781009367783.010"" target=""_blank"">https://doi.org/10.1017/9781009367783.010</a>"
"components/c-501/title/","Wprowadzenie do rozporządzenia UE w sprawie AI"
"components/c-501/displayTitle/","Poznaj rozporządzenie UE w sprawie AI"
"components/c-501/body/","Zanim przejdziemy do najważniejszych wymogów regulacyjnych, chcielibyśmy przedstawić krótkie wprowadzenie do rozporządzenia UE w sprawie AI (EU AI Act)."
"components/c-501/instruction/","Kliknij pola poniżej, aby zbadać podstawowe pytania dotyczące rozporządzenia UE w sprawie AI."
"components/c-501/_items/0/front/","Dlaczego regulować AI?"
"components/c-501/_items/0/back/body/","Rozporządzenie UE w sprawie AI ma na celu zapewnienie, że rozwój i wykorzystanie AI są bezpieczne i godne zaufania oraz szanują prawa podstawowe. Stara się ono pogodzić innowacje z ochroną obywateli i budować zaufanie do AI."
"components/c-501/_items/1/front/","Co jest regulowane?"
"components/c-501/_items/1/back/body/","Każdy system oparty na maszynie, wprowadzony do obrotu na rynku UE, działający z różnym stopniem autonomii i potencjalną zdolnością adaptacji, który wnioskuje z danych wejściowych w celu generowania wirtualnych lub fizycznych wyników (prognoz, treści, rekomendacji lub decyzji)."
"components/c-501/_items/2/front/","Kogo to dotyczy?"
"components/c-501/_items/2/back/body/","Rozporządzenie UE w sprawie AI dotyczy wielu podmiotów i osób fizycznych, z których każda ma określone role i obowiązki w zakresie zapewnienia zgodności i odpowiedzialności. Szczegółowo omówimy te role w następnej kolejności."
"components/c-502/title/","Rozporządzenie UE w sprawie AI: Ważne kamienie milowe"
"components/c-502/displayTitle/","Harmonogram rozporządzenia w sprawie AI"
"components/c-502/body/","Skoro już wyjaśniliśmy dlaczego, co i kto, pozostaje pytanie: „Kiedy?”"
"components/c-502/instruction/","Przesuń lub kliknij, aby wyświetlić harmonogram najważniejszych kamieni milowych."
"components/c-502/_items/0/title/","Luty 2025"
"components/c-502/_items/0/body/","Wchodzą w życie najsurowsze przepisy, zakazujące niektórych systemów AI o niedopuszczalnym ryzyku, takich jak punktacja społeczna przez władze i zdalna identyfikacja biometryczna w czasie rzeczywistym w miejscach publicznych."
"components/c-502/_items/1/title/","Sierpień 2025"
"components/c-502/_items/1/body/","Aktywne stają się przepisy dotyczące modeli AI ogólnego przeznaczenia (GPAI), które są szerokimi systemami AI, takimi jak duże modele językowe. Dodatkowo państwa członkowskie muszą ustanowić swoje krajowe organy do egzekwowania rozporządzenia i określić kary za nieprzestrzeganie przepisów."
"components/c-502/_items/2/title/","Sierpień 2026"
"components/c-502/_items/2/body/","Zaczyna obowiązywać większość przepisów rozporządzenia w sprawie AI. Obejmuje to wymagania dla systemów AI wysokiego ryzyka."
"components/c-502/_items/3/title/","Sierpień 2027"
"components/c-502/_items/3/body/","W pełni wchodzą w życie specyficzne obowiązki dla wszystkich nowych systemów AI wysokiego ryzyka (takich jak te używane w infrastrukturze krytycznej lub urządzeniach medycznych). Dostawcy modeli GPAI, które zostały wprowadzone przed sierpniem 2025 r., muszą również być w pełni zgodni z przepisami do tej daty."
"components/c-503/title/","Prawo autorskie i AI"
"components/c-503/displayTitle/","Jakie są wymogi regulacyjne?"
"components/c-503/body/","Jak wspomniano powyżej, AI dotyczy szerokiego grona osób i organów. Obowiązki regulacyjne zależą od dwóch głównych pytań:"
"components/c-503/_items/0/title/","Jaka jest Twoja rola?"
"components/c-503/_items/1/title/","Jakie jest ryzyko systemu AI?"
"components/c-505/title/","Kluczowe role w ekosystemie rozporządzenia UE w sprawie AI"
"components/c-505/displayTitle/","Poznaj swoją rolę"
"components/c-505/body/","Artykuł 3 (2-8) rozporządzenia w sprawie AI definiuje kilka kluczowych ról, z których każda ma określone obowiązki w odniesieniu do systemów AI i modeli AI ogólnego przeznaczenia. Zrozumienie tych ról jest kluczowe dla zapewnienia zgodności z przepisami."
"components/c-505/instruction/","Kliknij każde pole, aby dowiedzieć się więcej o każdej kluczowej roli."
"components/c-505/_items/0/front/","Dostawca"
"components/c-505/_items/0/back/body/","Jest to firma lub osoba, która <b>tworzy</b> (lub zleca stworzenie) system AI lub model AI ogólnego przeznaczenia, a następnie <b>sprzedaje go lub udostępnia</b> pod własną nazwą, odpłatnie lub bezpłatnie."
"components/c-505/_items/1/front/","Użytkownik"
"components/c-505/_items/1/back/body/","Jest to każda osoba (osoba fizyczna, firma lub organ rządowy), która <b>używa</b> systemu AI do własnych operacji lub usług. <i>Nie obejmuje to osób</i>, które używają AI wyłącznie do celów osobistych."
"components/c-505/_items/2/front/","Dystrybutor i importer"
"components/c-505/_items/2/back/body/","<b>Dystrybutor</b> to firma lub osoba w łańcuchu dostaw (taka jak sprzedawca detaliczny), która oferuje system AI do sprzedaży w UE, ale nie jest pierwotnym producentem. Jeśli system jest wprowadzany spoza UE, firma lub osoba działa jako <b>importer</b>."
"components/c-506/title/","Grupa docelowa"
"components/c-506/body/","Aby zachować status użytkownika, unikaj zmiany nazwy systemu AI, którego zamierzasz używać. Upewnij się również, że używasz systemu wyłącznie do pierwotnie zamierzonego celu. Jeśli nie masz pewności co do swojej roli, skorzystaj z narzędzia EU AI Act Compliance Checker, do którego link znajduje się w źródłach na końcu tej lekcji."
"components/c-507/_graphic/attribution/","<a href=""https://unsplash.com/photos/traffic-light-in-red-IqB5MPcQp6k"" target=""_blank"" style=""color: white;"">Erwan Hesry na www.unsplash.com</a>"
"components/c-508/title/","Przykłady zabronionych zastosowań"
"components/c-508/_items/0/title/","Szkodliwa manipulacja"
"components/c-508/_items/0/body/","Systemy AI, które wykorzystują <b>podprogowe, manipulacyjne lub zwodnicze techniki</b> w celu lub z efektem <b>zniekształcenia zachowania</b>, które powodują lub prawdopodobnie spowodują <b>znaczną szkodę</b>."
"components/c-508/_items/0/instruction/","Dalej »"
"components/c-508/_items/1/title/","Wykorzystywanie słabych punktów"
"components/c-508/_items/1/body/","Systemy AI, które <b>wykorzystują słabe punkty</b> związane z <b>wiekiem, niepełnosprawnością lub specyficznymi sytuacjami społecznymi/ekonomicznymi</b>, w celu lub z efektem <b>zniekształcenia zachowania</b>, które powodują lub prawdopodobnie spowodują <b>znaczną szkodę</b>."
"components/c-508/_items/1/instruction/","Dalej »"
"components/c-508/_items/2/title/","Punktacja społeczna"
"components/c-508/_items/2/body/","Systemy, które <b>oceniają lub klasyfikują osoby na podstawie ich zachowania społecznego</b>, co prowadzi do <b>niekorzystnego lub nieprzychylnego traktowania</b> w kontekstach społecznych, które nie są związane z pierwotnym gromadzeniem danych, lub które są <b>nieuzasadnione lub nieproporcjonalne</b>."
"components/c-508/_items/2/instruction/","Dalej »"
"components/c-508/_items/3/title/","Predykcyjna praca policji"
"components/c-508/_items/3/body/","Systemy AI, które są zaprojektowane do <b>przewidywania ryzyka popełnienia przestępstwa</b> przez osobę."
"components/c-508/_items/3/instruction/","Dalej »"
"components/c-508/_items/4/title/","Nieukierunkowane skanowanie do rozpoznawania twarzy"
"components/c-508/_items/4/body/","<b>Nieukierunkowane skanowanie</b> Internetu lub materiałów z kamer CCTV w celu <b>tworzenia lub rozszerzania baz danych rozpoznawania twarzy</b>."
"components/c-508/_items/4/instruction/","Dalej »"
"components/c-508/_items/5/title/","Rozpoznawanie emocji w określonych kontekstach"
"components/c-508/_items/5/body/","Systemy AI, które są używane do <b>wnioskowania o emocjach</b> w <b>miejscach pracy i instytucjach edukacyjnych</b>."
"components/c-508/_items/5/instruction/","Dalej »"
"components/c-508/_items/6/title/","Kategoryzacja biometryczna chronionych cech"
"components/c-508/_items/6/body/","<b>Kategoryzacja biometryczna</b>, która jest używana do <b>wnioskowania o określonych chronionych cechach</b> (np. poglądy polityczne, orientacja seksualna, rasa, przekonania religijne)."
"components/c-508/_items/6/instruction/","Dalej »"
"components/c-508/_items/7/title/","Zdalna identyfikacja biometryczna w czasie rzeczywistym"
"components/c-508/_items/7/body/","<b>Zdalna identyfikacja biometryczna w czasie rzeczywistym</b> do <b>celów egzekwowania prawa</b> w <b>miejscach publicznie dostępnych</b> (z ograniczonymi, surowymi wyjątkami dla poważnych przestępstw)."
"components/c-508/_items/7/instruction/","Ukończono ✔"
"components/c-509/_graphic/attribution/","Wygenerowano za pomocą Google Imagen 4"
"components/c-510/title/","Przykłady systemów wysokiego ryzyka"
"components/c-510/_items/0/title/","Elementy bezpieczeństwa produktów"
"components/c-510/_items/0/body/","Systemy AI, które są używane jako <b>elementy bezpieczeństwa w produktach</b>, które już podlegają <b>przepisom bezpieczeństwa UE</b> (np. urządzenia medyczne, lotnictwo, samochody)."
"components/c-510/_items/0/instruction/","Dalej »"
"components/c-510/_items/1/title/","Biometryczne systemy identyfikacji"
"components/c-510/_items/1/body/","AI, która jest używana do <b>zdalnej identyfikacji biometrycznej</b> osób fizycznych (z wyłączeniem użycia w czasie rzeczywistym przez organy ścigania w miejscach publicznych, które jest <b>generalnie zabronione</b>)."
"components/c-510/_items/1/instruction/","Dalej »"
"components/c-510/_items/2/title/","Zarządzanie infrastrukturą krytyczną"
"components/c-510/_items/2/body/","Systemy AI, które działają jako <b>elementy bezpieczeństwa</b> w <b>zarządzaniu podstawowymi usługami</b>, takimi jak woda, gaz, energia elektryczna lub kontrola ruchu."
"components/c-510/_items/2/instruction/","Dalej »"
"components/c-510/_items/3/title/","Edukacja i szkolenia zawodowe"
"components/c-510/_items/3/body/","AI, która jest używana do <b>określania dostępu</b> do instytucji edukacyjnych, do <b>przypisywania osób</b> lub do <b>oceny wyników nauczania</b> (np. ocena egzaminów)."
"components/c-510/_items/3/instruction/","Dalej »"
"components/c-510/_items/4/title/","Zatrudnienie i zarządzanie personelem"
"components/c-510/_items/4/body/","Systemy AI, które są używane do <b>rekrutacji, selekcji kandydatów, oceny</b> kandydatów, <b>przydzielania zadań, monitorowania lub oceny wydajności</b> pracowników."
"components/c-510/_items/4/instruction/","Dalej »"
"components/c-510/_items/5/title/","Dostęp do podstawowych usług"
"components/c-510/_items/5/body/","AI, która jest używana do <b>oceny zdolności kredytowej</b>, do <b>wysyłania służb ratunkowych</b> lub do <b>oceny uprawnień do publicznych świadczeń socjalnych</b> (np. pomocy społecznej, opieki zdrowotnej)."
"components/c-510/_items/5/instruction/","Dalej »"
"components/c-510/_items/6/title/","Zastosowania w egzekwowaniu prawa"
"components/c-510/_items/6/body/","Systemy AI, które są używane przez organy ścigania do celów takich jak <b>ocena ryzyka przestępczości</b>, <b>wykrywacze kłamstw</b> lub <b>ocena wiarygodności dowodów</b>."
"components/c-510/_items/6/instruction/","Dalej »"
"components/c-510/_items/7/title/","Migracja, azyl i kontrola graniczna"
"components/c-510/_items/7/body/","Systemy AI, które są używane do <b>oceny uprawnień do azylu, wiz lub zezwoleń na pobyt</b> lub do <b>weryfikacji autentyczności dokumentów podróży</b>."
"components/c-510/_items/7/instruction/","Dalej »"
"components/c-510/_items/8/title/","Administracja wymiaru sprawiedliwości i demokracja"
"components/c-510/_items/8/body/","Systemy AI, które są przeznaczone do <b>wspierania organów wymiaru sprawiedliwości</b> lub do <b>wpływania na wynik wyborów</b> lub referendów."
"components/c-510/_items/8/instruction/","Ukończono ✔"
"components/c-511/title/","Wymogi prawne dla systemów wysokiego ryzyka"
"components/c-511/displayTitle/","Wymogi prawne dla systemów wysokiego ryzyka"
"components/c-511/body/","Zanim wdrożysz system wysokiego ryzyka, na przykład zautomatyzowane sprawdzanie życiorysów w rekrutacji, upewnij się, że spełniasz następujące wymogi prawne."
"components/c-511/instruction/","Wybierz nagłówki, aby dowiedzieć się więcej."
"components/c-511/_items/0/title/","Zarządzanie i zarządzanie danymi"
"components/c-511/_items/0/body/","Użytkownicy muszą zapewnić, że system AI jest używany zgodnie z instrukcjami. Jeśli kontrolują dane wejściowe, muszą one być <strong>istotne i wystarczająco reprezentatywne</strong> dla zamierzonego zastosowania systemu. Należy przeprowadzić odpowiednie <strong>oceny skutków dla ochrony danych (DPIA)</strong>, a <strong>rejestracja w bazie danych UE</strong> jest wymagana, jeśli wskazano."
"components/c-511/_items/1/title/","Przejrzystość i powiadomienie"
"components/c-511/_items/1/body/","Przed użyciem lub uruchomieniem systemów AI wysokiego ryzyka w miejscu pracy, użytkownicy muszą <strong>poinformować zainteresowanych pracowników i ich przedstawicieli</strong>. Dodatkowo osoby fizyczne muszą być <strong>informowane o użyciu AI wysokiego ryzyka w decyzjach</strong>, którym podlegają."
"components/c-511/_items/2/title/","Zarządzanie ryzykiem i nadzór ludzki"
"components/c-511/_items/2/body/","Użytkownicy są zobowiązani do <strong>monitorowania systemu AI wysokiego ryzyka</strong> i ryzyka z nim związanego. Muszą <strong>niezwłocznie poinformować dostawcę, dystrybutora i właściwy organ nadzoru rynku</strong>, jeśli użycie może stanowić ryzyko dla zdrowia i bezpieczeństwa lub praw podstawowych, oraz <strong>zawiesić użycie systemu w takich przypadkach</strong>. <strong>Nadzór ludzki</strong> musi być zapewniony przez osoby z niezbędnym szkoleniem i wsparciem. Użytkownicy muszą również przechowywać <strong>automatycznie generowane dzienniki</strong> użycia systemu (jeśli są pod ich kontrolą) przez co najmniej sześć miesięcy i <strong>współpracować z odpowiednimi właściwymi organami</strong>."
"components/c-511/_items/3/title/","Prawo do wyjaśnienia"
"components/c-511/_items/3/body/","Na żądanie osoby, użytkownicy muszą dostarczyć <strong>szczegółowe wyjaśnienie roli AI</strong> w każdym procesie decyzyjnym, który ma <strong>skutek prawny lub podobnie znaczący</strong> dla tej osoby, zwłaszcza jeśli ma <strong>niekorzystny wpływ na jej zdrowie i bezpieczeństwo lub prawa podstawowe</strong>. Wyjaśnienie musi również przedstawiać główne elementy decyzji."
"components/c-513/title/","Kategoryzacja praktyk AI w miejscu pracy"
"components/c-513/displayTitle/","Sprawdź swoją wiedzę: Klasyfikacja ryzyka"
"components/c-513/body/","Wybierz właściwą kategorię ryzyka z rozwijanego menu dla każdej praktyki AI, na podstawie typowych scenariuszy korporacyjnych i w miejscu pracy."
"components/c-513/instruction/","Wybierz opcję z każdej listy rozwijanej i kliknij Wyślij."
"components/c-513/ariaQuestion/","Wybierz kategorię ryzyka dla każdej praktyki AI."
"components/c-513/placeholder/","Wybierz kategorię..."
"components/c-513/_items/0/text/","Użycie narzędzia AI do analizy strumieni wideo od pracowników i raportowania ich stanu emocjonalnego podczas wewnętrznych spotkań."
"components/c-513/_items/0/_options/0/text/","Zabroniona praktyka AI"
"components/c-513/_items/0/_options/1/text/","Praktyka AI wysokiego ryzyka"
"components/c-513/_items/1/text/","Wdrożenie platformy opartej na AI do automatycznego przeglądania aplikacji i rankingu kandydatów do rozmów kwalifikacyjnych na podstawie ich umiejętności i doświadczenia."
"components/c-513/_items/1/_options/0/text/","Zabroniona praktyka AI"
"components/c-513/_items/1/_options/1/text/","Praktyka AI wysokiego ryzyka"
"components/c-513/_items/2/text/","Automatyczne skanowanie osobistych postów pracowników w mediach społecznościowych w celu stworzenia „wyniku behawioralnego”, który wpływa na awanse lub działania dyscyplinarne w firmie."
"components/c-513/_items/2/_options/0/text/","Zabroniona praktyka AI"
"components/c-513/_items/2/_options/1/text/","Praktyka AI wysokiego ryzyka"
"components/c-513/_feedback/title/","Wyjaśnienie klasyfikacji ryzyka"
"components/c-513/_feedback/correct/","Doskonale! Poprawnie sklasyfikowałeś te praktyki AI zgodnie z ich poziomami ryzyka w ramach rozporządzenia UE w sprawie AI w kontekście korporacyjnym/miejsca pracy. To zrozumienie jest kluczowe dla zapewnienia zgodności z przepisami."
"components/c-513/_feedback/_incorrect/notFinal/","Nie do końca. Sprawdź ponownie sekcje „Zabronione zastosowania” i „Przykłady systemów wysokiego ryzyka” i zwróć szczególną uwagę na to, jak odnoszą się one do konkretnych działań w miejscu pracy."
"components/c-513/_feedback/_incorrect/final/","Przejrzyjmy poprawne klasyfikacje praktyk AI: „Zabronione praktyki AI” to te, które stanowią niedopuszczalne ryzyko dla praw podstawowych, takie jak użycie AI do wnioskowania o emocjach pracowników lub tworzenia wyników behawioralnych z mediów społecznościowych. „Praktyki AI wysokiego ryzyka” to te, które wiążą się ze znacznym ryzykiem, ale nie są całkowicie zabronione, takie jak użycie AI w rekrutacji lub ocenie wydajności pracowników."
"components/c-513/_feedback/_partlyCorrect/notFinal/","Zidentyfikowałeś niektóre kategorie poprawnie, ale nie wszystkie. Sprawdź odpowiednie sekcje, aby znaleźć te, które przegapiłeś."
"components/c-513/_feedback/_partlyCorrect/final/","Zidentyfikowałeś niektóre kategorie poprawnie, ale nie wszystkie. Sprawdź odpowiednie sekcje, aby znaleźć te, które przegapiłeś. „Zabronione praktyki AI” to te, które stanowią niedopuszczalne ryzyko dla praw podstawowych. „Praktyki AI wysokiego ryzyka” to te, które wiążą się ze znacznym ryzykiem, ale nie są całkowicie zabronione."
"components/c-513/_buttons/_submit/buttonText/","Wyślij"
"components/c-513/_buttons/_submit/ariaLabel/","Wybierz tutaj, aby wysłać swoją odpowiedź."
"components/c-513/_buttons/_reset/buttonText/","Resetuj"
"components/c-513/_buttons/_reset/ariaLabel/","Wybierz tutaj, aby zresetować swoją odpowiedź."
"components/c-513/_buttons/_showCorrectAnswer/buttonText/","Pokaż poprawną odpowiedź"
"components/c-513/_buttons/_showCorrectAnswer/ariaLabel/","Wybierz tutaj, aby pokazać poprawną odpowiedź."
"components/c-513/_buttons/_hideCorrectAnswer/buttonText/","Pokaż moją odpowiedź"
"components/c-513/_buttons/_hideCorrectAnswer/ariaLabel/","Wybierz tutaj, aby pokazać swoją odpowiedź."
"components/c-513/_buttons/_showFeedback/buttonText/","Pokaż informację zwrotną"
"components/c-513/_buttons/_showFeedback/ariaLabel/","Wybierz tutaj, aby pokazać informację zwrotną."
"components/c-513/_buttons/remainingAttemptsText/","Pozostałe próby"
"components/c-513/_buttons/remainingAttemptText/","ostatnia próba"
"components/c-514/title/","Quiz: Zrozumienie ról w rozporządzeniu UE w sprawie AI"
"components/c-514/displayTitle/","Sprawdź swoją wiedzę: Kto jest kim?"
"components/c-514/body/","Firma X, firma z siedzibą w UE, integruje narzędzie oparte na AI do analizy nastrojów klientów, opracowane przez zewnętrznego dostawcę, w swoje wewnętrzne operacje obsługi klienta, aby lepiej zrozumieć opinie klientów."
"components/c-514/instruction/","Wybierz opcję, która najlepiej opisuje podstawową rolę firmy X."
"components/c-514/ariaQuestion/","Jaką podstawową rolę pełni firma X, korzystając z tego narzędzia AI?"
"components/c-514/_items/0/text/","Dostawca"
"components/c-514/_items/0/altText/","Opcja: Rola dostawcy."
"components/c-514/_items/1/text/","Użytkownik"
"components/c-514/_items/1/altText/","Opcja: Rola użytkownika."
"components/c-514/_items/2/text/","Dystrybutor"
"components/c-514/_items/2/altText/","Opcja: Rola dystrybutora."
"components/c-514/_items/3/text/","Importer"
"components/c-514/_items/3/altText/","Opcja: Rola importera."
"components/c-514/_feedback/title/","Zrozumienie ról w rozporządzeniu UE w sprawie AI"
"components/c-514/_feedback/correct/","Zgadza się! Firma X działa jako użytkownik, ponieważ wykorzystuje system AI do własnych operacji i usług, zamiast tworzyć go, sprzedawać lub importować w celu komercyjnej dystrybucji."
"components/c-514/_feedback/_incorrect/notFinal/","Nie do końca. Sprawdź sekcję „Kluczowe role w ekosystemie rozporządzenia UE w sprawie AI”. Zastanów się, czy firma X tworzy, sprzedaje, czy po prostu używa narzędzia AI."
"components/c-514/_feedback/_incorrect/final/","Poprawna odpowiedź to Użytkownik. Dostawca tworzy lub udostępnia system AI pod własną nazwą. Dystrybutor oferuje system AI do sprzedaży, nie będąc pierwotnym producentem. Importer wprowadza system spoza UE do sprzedaży w UE. Firma X jedynie wykorzystuje narzędzie AI do własnych wewnętrznych celów biznesowych, co definiuje rolę użytkownika."
"components/c-514/_feedback/_partlyCorrect/notFinal/","To pytanie ma tylko jedną poprawną odpowiedź. Proszę sprawdzić swój wybór na podstawie treści."
"components/c-514/_feedback/_partlyCorrect/final/","To pytanie ma tylko jedną poprawną odpowiedź. Poprawna odpowiedź to Użytkownik, ponieważ firma X wykorzystuje system AI do własnych operacji."
"components/c-515/body/","Źródła: <br> <br> High-level summary of the EU AI Act, last accessed on 29.06.2025, URL: <a href=""https://artificialintelligenceact.eu/high-level-summary/"" target=""_blank"">https://artificialintelligenceact.eu/high-level-summary/</a> <br> <br> EU AI Act Compliance Checker, last accessed on 29.06.2025, URL: <a href=""https://artificialintelligenceact.eu/assessment/eu-ai-act-compliance-checker/"" target=""_blank"">https://artificialintelligenceact.eu/assessment/eu-ai-act-compliance-checker/</a> <br> <br> The AI Act Explorer, last accessed on 29.06.2025, URL: <a href=""https://artificialintelligenceact.eu/ai-act-explorer/"" target=""_blank"">https://artificialintelligenceact.eu/ai-act-explorer/</a>"
